h1,h2,N1,N2,vocabulary,length,volume,difficulty,effort,time,bugs,MI,CC
4.087476979742173,38.074585635359114,29.994475138121548,54.33977900552486,42.16206261510129,84.3342541436464,652.5619645403217,2.857356351883024,8104.235947726984,450.23533042927744,0.21752065484677388,77.51170094286202,2.4701731335349595
