h1,h2,N1,N2,vocabulary,length,volume,difficulty,effort,time,bugs,MI,CC
5.0190582959641254,46.615470852017935,36.68273542600897,66.47197309417041,51.634529147982065,103.15470852017937,797.8380080994193,3.503156520614154,9900.326463332267,550.0181368517931,0.2659460026998064,72.49556593666642,2.383180736163134
