h1,h2,N1,N2,vocabulary,length,volume,difficulty,effort,time,bugs,MI,CC
5.5174754840331905,48.62232838823233,36.24390243902439,66.96706059844104,54.139803872265524,103.21096303746543,793.4380371365164,3.6486364689138804,9718.112783977283,539.8951546654034,0.2644793457121719,63.60539795884328,2.515573038044233
