h1,h2,N1,N2,vocabulary,length,volume,difficulty,effort,time,bugs,MI,CC
4.564951497258541,40.060312104597216,29.878954027836357,55.193378321383385,44.62526360185576,85.07233234921974,652.7100838860827,3.0204640603933104,7965.933613192618,442.5518673995886,0.21757002796202748,69.87334335087559,2.5553872499614005
