Name,h1,h2,N1,N2,vocabulary,length,volume,difficulty,effort,time,bugs,MI,CC,CCL,CCO,CEE,CI,LDC,LLDC,CC,CLLC,CLC,NCR,CR,CEG,TLLOC,TLOC,TNCL,TNFI,TNM,TNOS,TNPKG,TCLOC,TNDI,WarningBlocker,WarningCritical,WarningMajor,WarningMinor,WarningInfo
vit-pytorch,9.849056603773585,40.54716981132076,31.92452830188679,57.18867924528302,50.39622641509434,89.11320754716981,520.830954495289,6.948377919217836,4202.81510400425,233.48972800023608,0.1736103181650964,50.26010888696259,2.064693050039059,4,24,620.0,8,220,166,0.02612818218767643,0.023792460560798645,0.02268976904451847,1.0,0.18288663029670715,2.843628168106079,6977,9696,242,51,668,3877,1,437,5,0,0,0,0,0
