Name,h1,h2,N1,N2,vocabulary,length,volume,difficulty,effort,time,bugs,MI,CC,CCL,CCO,CEE,CI,LDC,LLDC,CLLC,CLC,NCR,CR,CEG,TLLOC,TLOC,TNCL,TNFI,TNM,TNOS,TNPKG,TCLOC,TNDI,WarningBlocker,WarningCritical,WarningMajor,WarningMinor,WarningInfo
vit-pytorch,9.157894736842104,37.70175438596491,29.68421052631579,53.175438596491226,46.85964912280702,82.85964912280701,484.28141382895296,6.4607724512025495,3907.8807107407943,217.10448393004407,0.16142713794298436,53.75062756156172,1.9548900289836861,4,24,310.0,8,220,166,0.023623168468475342,0.022554850205779076,0.5,0.09079265594482422,1.5825666189193726,7027,9754,242,57,669,3881,5,437,8,0,341,178,1388,0
