Name,h1,h2,N1,N2,vocabulary,length,volume,difficulty,effort,time,bugs,MI,CC,CCL,CCO,CEE,CI,LDC,LLDC,CC,CLLC,CLC,NCR,CR,CEG,TLLOC,TLOC,TNCL,TNFI,TNM,TNOS,TNPKG,TCLOC,TNDI,WarningBlocker,WarningCritical,WarningMajor,WarningMinor,WarningInfo
Google JAX,6.151745068285281,73.17298937784523,55.41122913505311,100.00910470409711,79.3247344461305,155.42033383915023,1270.6111992330925,4.137034214267852,14866.288242206472,825.9049023448036,0.4235370664110301,66.96026450478378,2.6755011684002747,23,164,305.3636474609375,68,1598,856,0.006535695865750313,0.007160782814025879,0.010343309491872787,0.1146245077252388,0.016245609149336815,0.2839387357234955,119540,154496,531,431,8396,49776,68,34636,72,0,0,0,0,0
