Name,h1,h2,N1,N2,vocabulary,length,volume,difficulty,effort,time,bugs,MI,CC,CCL,CCO,CEE,CI,LDC,LLDC,CLLC,CLC,NCR,CR,CEG,TLLOC,TLOC,TNCL,TNFI,TNM,TNOS,TNPKG,TCLOC,TNDI,WarningBlocker,WarningCritical,WarningMajor,WarningMinor,WarningInfo
Google JAX,5.659722222222222,67.99305555555556,51.477777777777774,92.88472222222222,73.65277777777777,144.3625,1182.8697372828785,3.8073988820134934,13878.318108528465,771.0176726960264,0.3942899124276253,69.6309545060283,2.665839627825697,120,719,849.0208129882812,271,7028,5605,0.025895485654473305,0.025431333109736443,0.11649305373430252,0.032873522490262985,0.48743849992752075,216447,276352,1046,693,18517,97037,129,44438,132,0,3553,126862,26099,0
