Name,h1,h2,N1,N2,vocabulary,length,volume,difficulty,effort,time,bugs,MI,CC,CCL,CCO,CEE,CI,LDC,LLDC,CC,CLLC,CLC,NCR,CR,CEG,TLLOC,TLOC,TNCL,TNFI,TNM,TNOS,TNPKG,TCLOC,TNDI,WarningBlocker,WarningCritical,WarningMajor,WarningMinor,WarningInfo
seaborn,5.33112582781457,67.48344370860927,45.70860927152318,86.02649006622516,72.81456953642385,131.73509933774835,1063.8582147031257,3.4382725940934433,11202.020819661904,622.3344899812171,0.35461940490104177,65.88441556782809,3.8730531567019537,16,163,535.3333740234375,39,832,543,0.01957186497747898,0.013868669047951698,0.016235413029789925,0.1666666716337204,0.0530993826687336,0.8451225161552429,39153,51246,273,89,2526,20826,10,6381,14,0,0,0,0,0
