Name,h1,h2,N1,N2,vocabulary,length,volume,difficulty,effort,time,bugs,MI,CC,CCL,CCO,CEE,CI,LDC,LLDC,CLLC,CLC,NCR,CR,CEG,TLLOC,TLOC,TNCL,TNFI,TNM,TNOS,TNPKG,TCLOC,TNDI,WarningBlocker,WarningCritical,WarningMajor,WarningMinor,WarningInfo
seaborn,4.849397590361446,61.3855421686747,41.57831325301205,78.25301204819277,66.23493975903614,119.83132530120481,967.726448314289,3.1275853114946384,10189.790022704503,566.0994457058059,0.32257548277142956,68.96714910085564,3.693299455995625,16,163,458.857177734375,39,832,543,0.013317636214196682,0.015446022152900696,0.1428571492433548,0.043705396354198456,0.713110089302063,40773,53865,275,162,2572,21243,25,6937,28,0,702,1627,4969,0
