h1,h2,N1,N2,vocabulary,length,volume,difficulty,effort,time,bugs,MI,CC
9.132295719844358,50.03501945525292,41.284046692607006,76.57976653696498,59.16731517509728,117.86381322957199,778.8612028734317,6.913048580729109,8928.939029301666,496.0521682945368,0.2596204009578105,57.140678237077815,3.828443677050356
