h1,h2,N1,N2,vocabulary,length,volume,difficulty,effort,time,bugs,MI,CC
8.724907063197026,47.80297397769517,39.44237918215613,73.1635687732342,56.52788104089219,112.60594795539033,744.1164651987805,6.604659796458665,8530.622046581888,473.923447032327,0.2480388217329268,59.05260717276751,4.136623718769368
