Name,h1,h2,N1,N2,vocabulary,length,volume,difficulty,effort,time,bugs,MI,CC,CCL,CCO,CEE,CI,LDC,LLDC,CC,CLLC,CLC,NCR,CR,CEG,TLLOC,TLOC,TNCL,TNFI,TNM,TNOS,TNPKG,TCLOC,TNDI,WarningBlocker,WarningCritical,WarningMajor,WarningMinor,WarningInfo
TensorLayer,5.235521235521236,32.640926640926644,25.301158301158303,47.59073359073359,37.87644787644788,72.89189189189189,480.95931963159643,3.8330124588428554,4426.69587077434,245.92754837635235,0.1603197732105323,68.54879378693946,2.529481202716202,47,461,1081.25,105,3503,2570,0.12800952792167664,0.08091430366039276,0.08741328865289688,0.23404255509376526,0.49115294218063354,7.019098281860352,31762,40074,224,179,1547,12028,23,13943,27,0,0,0,0,0
