Name,h1,h2,N1,N2,vocabulary,length,volume,difficulty,effort,time,bugs,MI,CC,CCL,CCO,CEE,CI,LDC,LLDC,CLLC,CLC,NCR,CR,CEG,TLLOC,TLOC,TNCL,TNFI,TNM,TNOS,TNPKG,TCLOC,TNDI,WarningBlocker,WarningCritical,WarningMajor,WarningMinor,WarningInfo
TensorLayer,4.5864406779661016,28.627118644067796,22.196610169491525,41.74576271186441,33.2135593220339,63.94237288135593,422.0715402866845,3.3590403169727665,3886.132446205196,215.8962470113999,0.14069051342889502,72.48914714170715,2.4669794195926746,70,621,1374.6666259765625,162,4894,3698,0.08746245503425598,0.0874490737915039,0.2107936590909958,0.41027623414993286,5.671710968017578,42281,55964,316,295,2049,16417,62,18081,65,0,2668,966,5640,0
