h1,h2,N1,N2,vocabulary,length,volume,difficulty,effort,time,bugs,MI,CC
4.785714285714286,28.714285714285715,22.517006802721088,41.98979591836735,33.5,64.50680272108843,425.7225146430648,3.2541671586704357,4402.240372672005,244.56890959288893,0.14190750488102155,68.4142709769064,2.9853182723213156
