h1,h2,N1,N2,vocabulary,length,volume,difficulty,effort,time,bugs,MI,CC
5.533596837944664,33.023715415019765,25.944664031620555,48.39525691699605,38.55731225296443,74.3399209486166,490.07006289758095,3.770735713165395,5081.637063562715,282.31317019792846,0.16335668763252692,63.372717351508584,3.019485492991313
