Name,h1,h2,N1,N2,vocabulary,length,volume,difficulty,effort,time,bugs,MI,CC,CCL,CCO,CEE,CI,LDC,LLDC,CLLC,CLC,NCR,CR,CEG,TLLOC,TLOC,TNCL,TNFI,TNM,TNOS,TNPKG,TCLOC,TNDI,WarningBlocker,WarningCritical,WarningMajor,WarningMinor,WarningInfo
PyTensor,6.655086848635236,86.64516129032258,66.71960297766749,123.46898263027295,93.30024813895781,190.18858560794044,1573.469678923663,4.536165950339147,19108.936942211658,1061.6076079006486,0.5244898929745543,56.48726636675162,3.9074571106867597,88,698,858.965087890625,205,6236,4039,0.025350062176585197,0.03108937479555607,0.1293831169605255,0.08899403363466263,1.3172359466552734,159329,200583,1111,400,8852,68070,79,36284,82,0,4476,4974,18792,0
