Name,h1,h2,N1,N2,vocabulary,length,volume,difficulty,effort,time,bugs,MI,CC,CCL,CCO,CEE,CI,LDC,LLDC,CC,CLLC,CLC,NCR,CR,CEG,TLLOC,TLOC,TNCL,TNFI,TNM,TNOS,TNPKG,TCLOC,TNDI,WarningBlocker,WarningCritical,WarningMajor,WarningMinor,WarningInfo
PyTensor,7.32520325203252,94.78048780487805,72.97289972899729,135.03252032520325,102.10569105691057,208.00542005420056,1720.1274303939583,4.987622627993257,20895.43640997764,1160.8575783320923,0.5733758101313194,52.227955230997104,3.8793784694993523,76,528,741.7581176757812,181,5320,3277,0.022923383861780167,0.021078292280435562,0.0272507481276989,0.13372181355953217,0.07748859375715256,1.1724128723144531,155468,195224,1093,341,8644,66205,45,35575,49,0,0,0,0,0
