h1,h2,N1,N2,vocabulary,length,volume,difficulty,effort,time,bugs,MI,CC
5.378205128205129,26.166666666666668,18.525641025641026,35.15384615384615,31.544871794871796,53.67948717948718,327.94942974241286,3.5322356924520286,2637.2310875474113,146.51283819707834,0.10931647658080426,68.5649940069629,2.7481614821070055
