h1,h2,N1,N2,vocabulary,length,volume,difficulty,effort,time,bugs,MI,CC
5.6,27.22,19.273333333333333,36.56666666666667,32.82,55.84,341.08074026544267,3.6768584534834434,2742.7269977159744,152.37372209533183,0.11369358008848089,67.24886725783018,2.762769924017679
