h1,h2,N1,N2,vocabulary,length,volume,difficulty,effort,time,bugs,MI,CC
7.558252427184466,64.74757281553399,49.13106796116505,89.42233009708738,72.30582524271844,138.55339805825244,1018.275334654648,5.003630710459065,10545.861484594205,585.8811935885665,0.3394251115515496,59.115803254414715,3.0687748891460385
