h1,h2,N1,N2,vocabulary,length,volume,difficulty,effort,time,bugs,MI,CC
6.793859649122807,58.43421052631579,44.35087719298246,80.7280701754386,65.2280701754386,125.07894736842105,919.7017498883869,4.503280378748102,9527.717699729254,529.3176499849582,0.30656724996279583,63.324464554712556,3.244879279664624
