Name,h1,h2,N1,N2,vocabulary,length,volume,difficulty,effort,time,bugs,MI,CC,CCL,CCO,CEE,CI,LDC,LLDC,CC,CLLC,CLC,NCR,CR,CEG,TLLOC,TLOC,TNCL,TNFI,TNM,TNOS,TNPKG,TCLOC,TNDI,WarningBlocker,WarningCritical,WarningMajor,WarningMinor,WarningInfo
EvalAI,0.8230088495575221,6.289085545722714,4.017699115044247,7.377581120943953,7.112094395280236,11.395280235988201,73.8755140551512,0.46908252124329614,436.7484087658389,24.26380048699106,0.024625171351717063,89.63542399230252,3.0873740794556763,72,343,4732.95556640625,181,4120,3692,0.10443338751792908,0.0980767160654068,0.09421880543231964,0.20534980297088623,0.1404154747724533,1.6591529846191406,37644,43728,541,320,1110,9967,38,2617,42,0,0,0,0,0
