Name,h1,h2,N1,N2,vocabulary,length,volume,difficulty,effort,time,bugs,MI,CC,CCL,CCO,CEE,CI,LDC,LLDC,CLLC,CLC,NCR,CR,CEG,TLLOC,TLOC,TNCL,TNFI,TNM,TNOS,TNPKG,TCLOC,TNDI,WarningBlocker,WarningCritical,WarningMajor,WarningMinor,WarningInfo
EvalAI,0.5481335952848723,4.18860510805501,2.675834970530452,4.913555992141454,4.736738703339882,7.589390962671906,49.20196319193764,0.3124144886080106,290.8795885493505,16.159977141630588,0.01640065439731254,93.09707020312486,3.0645914941126415,72,343,2839.7734375,181,4120,3692,0.09394162893295288,0.0891292616724968,0.1232098788022995,0.0806971862912178,1.014835238456726,39301,46225,552,509,1234,10598,208,2946,211,0,79,424,1540,0
