Name,h1,h2,N1,N2,vocabulary,length,volume,difficulty,effort,time,bugs,MI,CC,CCL,CCO,CEE,CI,LDC,LLDC,CLLC,CLC,NCR,CR,CEG,TLLOC,TLOC,TNCL,TNFI,TNM,TNOS,TNPKG,TCLOC,TNDI,WarningBlocker,WarningCritical,WarningMajor,WarningMinor,WarningInfo
Pocker,3.4634146341463414,33.609756097560975,24.341463414634145,46.74390243902439,37.073170731707314,71.08536585365853,503.86596790512846,2.317718087000285,4162.6683248572235,231.25935138095676,0.1679553226350429,75.11268085285428,4.382145281532753,16,100,1550.6666259765625,34,263,235,0.021698983386158943,0.020117800682783127,0.125,0.0847029834985733,1.1529289484024048,10830,13073,66,82,499,5231,26,1073,29,0,51,576,1377,0
