Name,h1,h2,N1,N2,vocabulary,length,volume,difficulty,effort,time,bugs,MI,CC,CCL,CCO,CEE,CI,LDC,LLDC,CC,CLLC,CLC,NCR,CR,CEG,TLLOC,TLOC,TNCL,TNFI,TNM,TNOS,TNPKG,TCLOC,TNDI,WarningBlocker,WarningCritical,WarningMajor,WarningMinor,WarningInfo
Pocker,4.405797101449275,42.72463768115942,30.855072463768117,59.15942028985507,47.130434782608695,90.01449275362319,640.5537729396843,2.9407932893690636,5432.6001895678355,301.81112164265744,0.21351792431322827,68.05956951961348,4.726684289897419,16,100,2326.0,34,263,235,0.03087378293275833,0.01976284570991993,0.018194396048784256,0.1875,0.11571777611970901,1.4926546812057495,11891,14455,73,68,609,5768,13,1499,17,0,0,0,0,0
