h1,h2,N1,N2,vocabulary,length,volume,difficulty,effort,time,bugs,MI,CC
3.541208791208791,27.77106227106227,17.70054945054945,33.86813186813187,31.312271062271062,51.56868131868132,344.4632572768574,2.109889762210964,2269.001776851227,126.05565426951259,0.11482108575895261,67.02783739947829,2.6813156539662337
