h1,h2,N1,N2,vocabulary,length,volume,difficulty,effort,time,bugs,MI,CC
2.117079058539529,16.989136994568497,10.7954133977067,20.68316234158117,19.106216053108028,31.47857573928787,211.11144118677578,1.251686299626992,1384.016608138538,76.88981156325214,0.07037048039559206,79.59739738976278,2.613584790669583
