Name,h1,h2,N1,N2,vocabulary,length,volume,difficulty,effort,time,bugs,MI,CC,CCL,CCO,CEE,CI,LDC,LLDC,CC,CLLC,CLC,NCR,CR,CEG,TLLOC,TLOC,TNCL,TNFI,TNM,TNOS,TNPKG,TCLOC,TNDI,WarningBlocker,WarningCritical,WarningMajor,WarningMinor,WarningInfo
Gymnasium,5.533596837944664,33.023715415019765,25.944664031620555,48.39525691699605,38.55731225296443,74.3399209486166,490.07006289758095,3.770735713165395,5081.637063562715,282.31317019792846,0.16335668763252692,63.372717351508584,3.019485492991313,61,343,2986.333251953125,149,3118,2482,0.08763094991445541,0.06926189363002777,0.07200092077255249,0.25546449422836304,0.21856658160686493,2.730787992477417,35835,43305,234,236,1634,12130,26,10110,30,0,0,0,0,0
