Name,h1,h2,N1,N2,vocabulary,length,volume,difficulty,effort,time,bugs,MI,CC,CCL,CCO,CEE,CI,LDC,LLDC,CLLC,CLC,NCR,CR,CEG,TLLOC,TLOC,TNCL,TNFI,TNM,TNOS,TNPKG,TCLOC,TNDI,WarningBlocker,WarningCritical,WarningMajor,WarningMinor,WarningInfo
Gymnasium,4.785714285714286,28.714285714285715,22.517006802721088,41.98979591836735,33.5,64.50680272108843,425.7225146430648,3.2541671586704357,4402.240372672005,244.56890959288893,0.14190750488102155,68.4142709769064,2.9853182723213156,61,343,2389.066650390625,149,3118,2482,0.06696886569261551,0.06735359877347946,0.2043715864419937,0.1690644472837448,2.173097610473633,37062,46293,248,293,1690,12530,64,11486,67,0,1303,560,3238,0
