h1,h2,N1,N2,vocabulary,length,volume,difficulty,effort,time,bugs,MI,CC
2.7289972899728996,11.208672086720867,7.170731707317073,13.235772357723578,13.937669376693767,20.40650406504065,105.42687747658151,1.599863627432929,486.004849045976,27.00026939144314,0.03514229249219387,72.45711749237937,2.2555212699718536
