h1,h2,N1,N2,vocabulary,length,volume,difficulty,effort,time,bugs,MI,CC
3.1043478260869564,12.71304347826087,8.09855072463768,14.968115942028986,15.817391304347826,23.066666666666666,118.66371950425517,1.8119719114830382,538.6849048445673,29.926939158031544,0.03955457316808508,68.7594025359702,2.25285509199762
