Name,h1,h2,N1,N2,vocabulary,length,volume,difficulty,effort,time,bugs,MI,CC,CCL,CCO,CEE,CI,LDC,LLDC,CLLC,CLC,NCR,CR,CEG,TLLOC,TLOC,TNCL,TNFI,TNM,TNOS,TNPKG,TCLOC,TNDI,WarningBlocker,WarningCritical,WarningMajor,WarningMinor,WarningInfo
Chainer,4.423676012461059,23.123052959501557,17.950934579439252,33.112928348909655,27.546728971962615,51.06386292834891,309.1787397968756,3.094065805863134,2421.386884653562,134.52149359186504,0.1030595799322916,67.6106728694973,2.511607589668547,115,665,7825.1513671875,333,5243,4354,0.032780714333057404,0.031767286360263824,0.18561264872550964,0.09061409533023834,1.0107084512710571,132822,165044,2162,985,10462,56471,169,22296,172,0,10102,2131,13826,0
