Name,h1,h2,N1,N2,vocabulary,length,volume,difficulty,effort,time,bugs,MI,CC,CCL,CCO,CEE,CI,LDC,LLDC,CC,CLLC,CLC,NCR,CR,CEG,TLLOC,TLOC,TNCL,TNFI,TNM,TNOS,TNPKG,TCLOC,TNDI,WarningBlocker,WarningCritical,WarningMajor,WarningMinor,WarningInfo
Chainer,4.426978818283166,22.896321070234112,18.11371237458194,32.869565217391305,27.32329988851728,50.98327759197324,303.5430627341971,3.1120369895653783,2276.181111486943,126.45450619371893,0.10118102091139901,62.96135459732774,2.6438958803664123,43,234,2732.125,173,1492,1062,0.02951856702566147,0.021696938201785088,0.026117248460650444,0.15988372266292572,0.16324545443058014,2.062753677368164,48947,57127,343,282,2295,14252,41,17176,45,0,0,0,0,0
