h1,h2,N1,N2,vocabulary,length,volume,difficulty,effort,time,bugs,MI,CC
5.146576663452266,36.09353905496625,27.247508839601416,48.85695917711347,41.240115718418515,76.10446801671489,518.1032862312549,3.3860063678883083,4668.301743074851,259.35009683749223,0.1727010954104179,64.80874944325345,2.1923677171212708
