h1,h2,N1,N2,vocabulary,length,volume,difficulty,effort,time,bugs,MI,CC
3.190865576386119,22.379337854008774,16.8968887116075,30.295771838851216,25.570203430394894,47.19266055045872,321.3097493471461,2.099504987068557,2896.090883895574,160.89393799419884,0.10710324978238174,78.18357830669666,2.2489022620424883
