h1,h2,N1,N2,vocabulary,length,volume,difficulty,effort,time,bugs,MI,CC
1.9240780911062907,8.776572668112799,5.516268980477223,10.644251626898047,10.700650759219089,16.160520607375272,76.21984755316109,1.1683293915796387,277.9458091758985,15.441433843105491,0.025406615851053777,78.85341279398419,2.5468167664038606
