h1,h2,N1,N2,vocabulary,length,volume,difficulty,effort,time,bugs,MI,CC
1.7367387033398822,7.94106090373281,4.990176817288802,9.63261296660118,9.677799607072691,14.62278978388998,68.99351323684256,1.0552059911949185,251.67689745266722,13.98204985848153,0.022997837745614258,80.89639486756992,2.5311745328151183
