h1,h2,N1,N2,vocabulary,length,volume,difficulty,effort,time,bugs,MI,CC
5.523809523809524,78.15254237288136,71.75706214689265,108.57869249394673,83.67635189669087,180.33575464083938,1558.5728712531027,3.9514994073146195,11478.754246805522,637.7085692669738,0.5195242904177008,66.63768417669358,2.2085906521948258
