h1,h2,N1,N2,vocabulary,length,volume,difficulty,effort,time,bugs,MI,CC
5.785291631445477,81.85207100591715,75.15384615384616,113.7185122569738,87.63736263736264,188.87235841081994,1632.3514687088707,4.138552633696376,12022.127228902824,667.8959571612684,0.5441171562362902,65.05840295428855,2.2142018565511985
