h1,h2,N1,N2,vocabulary,length,volume,difficulty,effort,time,bugs,MI,CC
1.7673254620123204,17.382161190965093,14.407392197125256,26.279517453798768,19.149486652977412,40.68690965092402,317.48236369812463,1.2761343026740632,4268.967052223637,237.1648362346525,0.10582745456604073,88.95554337688846,2.808549072794965
