h1,h2,N1,N2,vocabulary,length,volume,difficulty,effort,time,bugs,MI,CC
2.3255416899484698,21.76634382566586,17.887750667411684,32.6664493698392,24.09188551561433,50.55420003725089,392.08350754739246,1.6454215024112004,5245.242854047572,291.4023807804651,0.13069450251580303,83.8773051235031,2.831553232243082
