Name,h1,h2,N1,N2,vocabulary,length,volume,difficulty,effort,time,bugs,MI,CC,CCL,CCO,CEE,CI,LDC,LLDC,CLLC,CLC,NCR,CR,CEG,TLLOC,TLOC,TNCL,TNFI,TNM,TNOS,TNPKG,TCLOC,TNDI,WarningBlocker,WarningCritical,WarningMajor,WarningMinor,WarningInfo
Ray,3.51358574610245,21.670824053452115,14.875055679287305,27.93118040089087,25.184409799554565,42.806236080178174,272.0876262649702,2.2195449324168948,2092.450160305054,116.24723112805792,0.09069587542165639,75.00088140516989,3.104391986434674,504,7153,170033.125,1398,28420,23254,0.03713931143283844,0.03583189845085144,0.14345189929008484,0.8600844144821167,7.1292195320129395,626129,793148,5403,4479,34640,227198,1358,149343,1361,0,21472,20059,24696,0
