Name,h1,h2,N1,N2,vocabulary,length,volume,difficulty,effort,time,bugs,MI,CC,CCL,CCO,CEE,CI,LDC,LLDC,CC,CLLC,CLC,NCR,CR,CEG,TLLOC,TLOC,TNCL,TNFI,TNM,TNOS,TNPKG,TCLOC,TNDI,WarningBlocker,WarningCritical,WarningMajor,WarningMinor,WarningInfo
Ray,4.497004279600571,27.637945791726107,18.966619115549214,35.61426533523538,32.13495007132668,54.580884450784595,346.6172651229666,2.8399575021524983,2666.3790264202003,148.13216813445467,0.1155390883743218,68.02156611657712,3.1068668061800215,138,3337,65490.83984375,438,7319,6202,0.04913872107863426,0.04098653048276901,0.03881440684199333,0.1873299777507782,1.2274361848831177,11.023310661315918,151318,188564,1140,928,6446,46391,145,47117,149,0,0,0,0,0
