h1,h2,N1,N2,vocabulary,length,volume,difficulty,effort,time,bugs,MI,CC
2.016318537859008,9.934073107049608,6.438642297650131,12.469321148825065,11.950391644908617,18.907963446475197,104.37002496871322,1.2517134082191812,592.2387329295309,32.90215182941841,0.034790008322904506,82.21430024798514,3.6787329587256417
