h1,h2,N1,N2,vocabulary,length,volume,difficulty,effort,time,bugs,MI,CC
2.2035714285714287,10.853571428571428,7.031428571428571,13.616428571428571,13.057142857142857,20.64785714285714,114.00041763092256,1.3669389385400963,647.4230189032926,35.96794549462739,0.03800013921030764,80.55708165125553,3.525203192574121
