h1,h2,N1,N2,vocabulary,length,volume,difficulty,effort,time,bugs,MI,CC
5.199261992619927,26.981549815498155,20.461254612546124,37.35793357933579,32.18081180811808,57.81918819188192,357.5003386455516,3.512217035210022,3095.3020629941484,171.96122572189725,0.11916677954851723,69.29128447096514,2.5662544616942102
