h1,h2,N1,N2,vocabulary,length,volume,difficulty,effort,time,bugs,MI,CC
4.27355623100304,22.221884498480243,16.86018237082067,30.778115501519757,26.49544072948328,47.638297872340424,294.7382476641164,2.8891433138086677,2552.325243398654,141.7958468554809,0.09824608255470546,74.79765483415626,3.05339996773345
