h1,h2,N1,N2,vocabulary,length,volume,difficulty,effort,time,bugs,MI,CC
4.7967032967032965,33.87362637362637,28.25824175824176,53.005494505494504,38.67032967032967,81.26373626373626,571.4323076101698,3.499659843693561,6473.637887866627,359.6465493259236,0.1904774358700566,73.37525233328286,5.329001759479274
