h1,h2,N1,N2,vocabulary,length,volume,difficulty,effort,time,bugs,MI,CC
5.3090909090909095,37.4,31.187878787878788,58.5030303030303,42.70909090909091,89.69090909090909,630.3936039245901,3.8693217669832007,7140.661987411999,396.7034437451108,0.2101312013081968,70.55787756688156,5.124367771459001
