Name,h1,h2,N1,N2,vocabulary,length,volume,difficulty,effort,time,bugs,MI,CC,CCL,CCO,CEE,CI,LDC,LLDC,CC,CLLC,CLC,NCR,CR,CEG,TLLOC,TLOC,TNCL,TNFI,TNM,TNOS,TNPKG,TCLOC,TNDI,WarningBlocker,WarningCritical,WarningMajor,WarningMinor,WarningInfo
OpenAI Python API library,1.2701612903225807,10.540322580645162,8.056451612903226,14.850806451612904,11.810483870967742,22.907258064516128,135.3833622983447,0.8906521924177586,746.8787795647977,41.493265531377645,0.04512778743278155,83.07471623399488,2.164197021593867,14,48,45.66666793823242,30,820,740,0.10161345452070236,0.11832427233457565,0.10481912642717361,0.2380952388048172,0.09513911604881287,2.4891464710235596,6254,7823,83,38,569,2449,11,175,15,0,0,0,0,0
