Name,h1,h2,N1,N2,vocabulary,length,volume,difficulty,effort,time,bugs,MI,CC,CCL,CCO,CEE,CI,LDC,LLDC,CLLC,CLC,NCR,CR,CEG,TLLOC,TLOC,TNCL,TNFI,TNM,TNOS,TNPKG,TCLOC,TNDI,WarningBlocker,WarningCritical,WarningMajor,WarningMinor,WarningInfo
OpenAI Python API library,1.2078431372549019,10.058823529411764,7.67843137254902,14.129411764705882,11.266666666666667,21.807843137254903,128.93408336997084,0.8437939529620332,710.7598082345165,39.4866560130287,0.04297802778999028,83.74708543247849,2.170522620692812,66,383,611.861572265625,183,4848,3144,0.1277373731136322,0.1602115035057068,0.20830096304416656,0.47453346848487854,7.382058620452881,24613,30260,486,240,1403,5509,46,5447,49,0,265,200,1354,0
