Name,h1,h2,N1,N2,vocabulary,length,volume,difficulty,effort,time,bugs,MI,CC,CCL,CCO,CEE,CI,LDC,LLDC,CC,CLLC,CLC,NCR,CR,CEG,TLLOC,TLOC,TNCL,TNFI,TNM,TNOS,TNPKG,TCLOC,TNDI,WarningBlocker,WarningCritical,WarningMajor,WarningMinor,WarningInfo
TensorLayerX,6.04054054054054,49.05855855855856,40.35585585585586,76.09009009009009,55.0990990990991,116.44594594594595,856.4035691968722,4.67409819096368,10157.593249798616,564.3107360999235,0.28546785639895744,63.111954895467655,2.1412385199722466,95,1413,3501.791748046875,245,6813,4463,0.13124574720859528,0.07556210458278656,0.09334538877010345,0.21239975094795227,0.5515824556350708,6.748463153839111,59064,72987,930,183,4447,22394,31,26153,35,0,0,0,0,0
