Name,h1,h2,N1,N2,vocabulary,length,volume,difficulty,effort,time,bugs,MI,CC,CCL,CCO,CEE,CI,LDC,LLDC,CLLC,CLC,NCR,CR,CEG,TLLOC,TLOC,TNCL,TNFI,TNM,TNOS,TNPKG,TCLOC,TNDI,WarningBlocker,WarningCritical,WarningMajor,WarningMinor,WarningInfo
TensorLayerX,5.605042016806722,45.61764705882353,37.529411764705884,70.74789915966386,51.22268907563025,108.27731092436974,797.8803822165843,4.338164419022144,9473.92744536832,526.3293025204624,0.265960127405528,65.98904930467297,2.1932651502295673,105,1465,3508.25927734375,265,7338,4881,0.07796377688646317,0.09295785427093506,0.1940992772579193,0.47628259658813477,5.828128337860107,62606,78939,994,238,4635,23900,48,27813,51,0,2347,1769,9114,0
