Name,h1,h2,N1,N2,vocabulary,length,volume,difficulty,effort,time,bugs,MI,CC,CCL,CCO,CEE,CI,LDC,LLDC,CC,CLLC,CLC,NCR,CR,CEG,TLLOC,TLOC,TNCL,TNFI,TNM,TNOS,TNPKG,TCLOC,TNDI,WarningBlocker,WarningCritical,WarningMajor,WarningMinor,WarningInfo
Recommenders,3.7016806722689077,24.743697478991596,17.26890756302521,32.273109243697476,28.445378151260503,49.54201680672269,303.67195196365043,2.449644434134426,1982.7071486651773,110.15039714806555,0.1012239839878835,73.60270182788044,2.940219042830836,40,248,333.9818420410156,93,3011,2429,0.09285653382539749,0.07630686461925507,0.07844005525112152,0.1546212136745453,0.11556296050548553,1.9884014129638672,31832,38386,91,215,1231,10821,64,8547,68,0,0,0,0,0
