Name,h1,h2,N1,N2,vocabulary,length,volume,difficulty,effort,time,bugs,MI,CC,CCL,CCO,CEE,CI,LDC,LLDC,CLLC,CLC,NCR,CR,CEG,TLLOC,TLOC,TNCL,TNFI,TNM,TNOS,TNPKG,TCLOC,TNDI,WarningBlocker,WarningCritical,WarningMajor,WarningMinor,WarningInfo
Recommenders,3.0034129692832763,20.092150170648463,14.023890784982935,26.208191126279864,23.09556313993174,40.232081911262796,246.65245624521035,1.9881070830170422,1610.5185117357034,89.47325065198365,0.08221748541507014,78.573675801717,2.7852952925345007,45,290,203.98947143554688,105,3574,2913,0.08253293484449387,0.0838652178645134,0.10413255542516708,0.07634390145540237,1.4354583024978638,35295,42616,99,293,1355,11911,121,8826,124,0,333,787,1956,0
