h1,h2,N1,N2,vocabulary,length,volume,difficulty,effort,time,bugs,MI,CC
3.497816593886463,18.812227074235807,12.580786026200874,23.5764192139738,22.310043668122272,36.157205240174676,231.0084961372303,2.047434987937871,2072.0681470407562,115.11489705781985,0.07700283204574353,75.85848529383753,2.5802314644916224
