h1,h2,N1,N2,vocabulary,length,volume,difficulty,effort,time,bugs,MI,CC
2.4183673469387754,13.374149659863946,8.982993197278912,16.843537414965986,15.79251700680272,25.8265306122449,166.32267387359616,1.4166882581431604,1531.100371358553,85.06113174214187,0.055440891291198814,82.90886514857715,2.7431688237209535
