Name,h1,h2,N1,N2,vocabulary,length,volume,difficulty,effort,time,bugs,MI,CC,CCL,CCO,CEE,CI,LDC,LLDC,CLLC,CLC,NCR,CR,CEG,TLLOC,TLOC,TNCL,TNFI,TNM,TNOS,TNPKG,TCLOC,TNDI,WarningBlocker,WarningCritical,WarningMajor,WarningMinor,WarningInfo
DragGan,7.0,52.547770700636946,43.605095541401276,83.0,59.547770700636946,126.60509554140127,906.6743700097352,5.314281742978616,11679.465993226411,648.8592218459116,0.30222479000324515,69.68073453310818,3.853187559541705,89,1418,9950.302734375,203,8257,6732,0.3216589391231537,0.2979898154735565,0.4874021112918854,6.263071537017822,59.176143646240234,20929,27709,212,163,1201,13103,52,5538,55,0,1096,433,4156,0
