Name,h1,h2,N1,N2,vocabulary,length,volume,difficulty,effort,time,bugs,MI,CC,CCL,CCO,CEE,CI,LDC,LLDC,CC,CLLC,CLC,NCR,CR,CEG,TLLOC,TLOC,TNCL,TNFI,TNM,TNOS,TNPKG,TCLOC,TNDI,WarningBlocker,WarningCritical,WarningMajor,WarningMinor,WarningInfo
DragGan,8.51937984496124,63.95348837209303,53.06976744186046,101.01550387596899,72.47286821705427,154.08527131782947,1103.4719076862668,6.467769253082501,14214.543883229042,789.6968824016135,0.3678239692287557,63.099808695333195,3.8348536695149167,71,1076,2791.0,143,6565,5278,0.39076367020606995,0.36312350630760193,0.33633893728256226,0.6185445785522461,10.081527709960938,85.39734649658203,14535,19519,134,93,869,9361,17,4293,21,0,0,0,0,0
