Name,h1,h2,N1,N2,vocabulary,length,volume,difficulty,effort,time,bugs,MI,CC,CCL,CCO,CEE,CI,LDC,LLDC,CC,CLLC,CLC,NCR,CR,CEG,TLLOC,TLOC,TNCL,TNFI,TNM,TNOS,TNPKG,TCLOC,TNDI,WarningBlocker,WarningCritical,WarningMajor,WarningMinor,WarningInfo
Computer Vision,5.19774011299435,30.508474576271187,21.666666666666668,41.13559322033898,35.706214689265536,62.80225988700565,391.3328862767593,3.433672289618976,3086.74445003248,171.4858027795822,0.13044429542558655,68.70540458569407,2.703454648043135,1,2,44.57143020629883,2,53,50,0.006054865196347237,0.004717871081084013,0.003993971273303032,0.1428571492433548,0.0014288410311564803,0.0376298651099205,10598,13270,50,63,486,4126,12,3066,16,0,0,0,0,0
