Name,h1,h2,N1,N2,vocabulary,length,volume,difficulty,effort,time,bugs,MI,CC,CCL,CCO,CEE,CI,LDC,LLDC,CLLC,CLC,NCR,CR,CEG,TLLOC,TLOC,TNCL,TNFI,TNM,TNOS,TNPKG,TCLOC,TNDI,WarningBlocker,WarningCritical,WarningMajor,WarningMinor,WarningInfo
Computer Vision,3.4328358208955225,20.149253731343283,14.309701492537313,27.167910447761194,23.582089552238806,41.47761194029851,258.4549286230836,2.267761176352831,2038.6334614020484,113.257414522336,0.08615164287436126,79.33155452114872,2.623961560105763,19,97,328.5,40,1112,936,0.04105443134903908,0.03820386901497841,0.11513157933950424,0.03690402954816818,0.6368677020072937,22799,29107,142,268,1282,10304,108,4840,111,0,457,1476,4860,0
