Name,h1,h2,N1,N2,vocabulary,length,volume,difficulty,effort,time,bugs,MI,CC,CCL,CCO,CEE,CI,LDC,LLDC,CC,CLLC,CLC,NCR,CR,CEG,TLLOC,TLOC,TNCL,TNFI,TNM,TNOS,TNPKG,TCLOC,TNDI,WarningBlocker,WarningCritical,WarningMajor,WarningMinor,WarningInfo
Sonnet,3.7214285714285715,14.735714285714286,10.285714285714286,18.87142857142857,18.457142857142856,29.15714285714286,153.13348899383428,2.40723052492739,881.1349908987655,48.9519439388203,0.051044496331278055,73.50431277856708,1.9957557310361351,4,28,90.0,8,203,138,0.009917588904500008,0.008506441488862038,0.009102323092520237,0.25,0.024759087711572647,0.5502196550369263,16223,22302,321,132,1286,6488,9,6127,13,0,0,0,0,0
