Name,h1,h2,N1,N2,vocabulary,length,volume,difficulty,effort,time,bugs,MI,CC,CCL,CCO,CEE,CI,LDC,LLDC,CLLC,CLC,NCR,CR,CEG,TLLOC,TLOC,TNCL,TNFI,TNM,TNOS,TNPKG,TCLOC,TNDI,WarningBlocker,WarningCritical,WarningMajor,WarningMinor,WarningInfo
Sonnet,2.8010752688172045,11.091397849462366,7.741935483870968,14.204301075268818,13.89247311827957,21.946236559139784,115.26176590933764,1.8118939434937344,663.2198856227267,36.84554920126259,0.03842058863644585,80.05700961827628,1.992426978643608,4,28,60.0,8,203,138,0.008341897279024124,0.00888052862137556,0.1666666716337204,0.016186771914362907,0.3953425884246826,16543,22859,323,186,1313,6678,55,6209,58,0,577,9020,1402,0
