h1,h2,N1,N2,vocabulary,length,volume,difficulty,effort,time,bugs,MI,CC
4.642857142857143,35.357142857142854,24.69047619047619,44.476190476190474,40.0,69.16666666666667,469.69747819467784,2.847792435117849,3795.4234994656804,210.85686108142676,0.15656582606489267,59.569914180952914,3.2697332407561555
