h1,h2,N1,N2,vocabulary,length,volume,difficulty,effort,time,bugs,MI,CC
5.0,38.07692307692308,26.58974358974359,47.8974358974359,43.07692307692308,74.48717948717949,505.82805344042225,3.0668533916653757,4087.379153270733,227.07661962615188,0.16860935114680747,56.45990757948774,3.25746100363948
