Name,h1,h2,N1,N2,vocabulary,length,volume,difficulty,effort,time,bugs,MI,CC,CCL,CCO,CEE,CI,LDC,LLDC,CC,CLLC,CLC,NCR,CR,CEG,TLLOC,TLOC,TNCL,TNFI,TNM,TNOS,TNPKG,TCLOC,TNDI,WarningBlocker,WarningCritical,WarningMajor,WarningMinor,WarningInfo
DeepPavlov,4.691943127962086,24.981042654028435,18.180094786729857,33.976303317535546,29.672985781990523,52.156398104265406,337.38332171638876,3.0982039297096406,3145.646732305418,174.75815179474546,0.11246110723879633,75.84823879580442,5.3236885671586895,3,24,7.75,6,164,92,0.00563014904037118,0.004302281886339188,0.00604875897988677,0.125,0.009890572167932987,0.4830067753791809,21384,27113,174,209,934,11154,41,6992,45,0,0,0,0,0
