Name,h1,h2,N1,N2,vocabulary,length,volume,difficulty,effort,time,bugs,MI,CC,CCL,CCO,CEE,CI,LDC,LLDC,CLLC,CLC,NCR,CR,CEG,TLLOC,TLOC,TNCL,TNFI,TNM,TNOS,TNPKG,TCLOC,TNDI,WarningBlocker,WarningCritical,WarningMajor,WarningMinor,WarningInfo
DeepPavlov,3.948,21.056,15.328,28.648,25.004,43.976,284.66877770434616,2.608884116674936,2654.88446915363,147.4935816196461,0.09488959256811547,79.79019444300735,5.566171608005117,3,24,6.888888835906982,6,164,92,0.004294048994779587,0.006009967532008886,0.1111111119389534,0.008774795569479465,0.4546707570552826,21425,27288,173,250,923,11124,80,7040,83,0,713,679,2204,0
