Name,h1,h2,N1,N2,vocabulary,length,volume,difficulty,effort,time,bugs,MI,CC,CCL,CCO,CEE,CI,LDC,LLDC,CC,CLLC,CLC,NCR,CR,CEG,TLLOC,TLOC,TNCL,TNFI,TNM,TNOS,TNPKG,TCLOC,TNDI,WarningBlocker,WarningCritical,WarningMajor,WarningMinor,WarningInfo
gensim,6.265193370165746,43.56353591160221,30.983425414364643,58.20441988950276,49.828729281767956,89.1878453038674,630.910634579068,4.042723423101636,6571.768207838705,365.0982337688168,0.21030354485968955,56.40223467863238,3.2882528062119674,27,102,1974.5,59,1607,998,0.03718743100762367,0.02306927740573883,0.029098086059093475,0.3333333432674408,0.07923418283462524,1.0441561937332153,43261,55227,274,127,2180,16509,8,24300,12,0,0,0,0,0
