Name,h1,h2,N1,N2,vocabulary,length,volume,difficulty,effort,time,bugs,MI,CC,CCL,CCO,CEE,CI,LDC,LLDC,CLLC,CLC,NCR,CR,CEG,TLLOC,TLOC,TNCL,TNFI,TNM,TNOS,TNPKG,TCLOC,TNDI,WarningBlocker,WarningCritical,WarningMajor,WarningMinor,WarningInfo
gensim,4.333333333333333,30.18773946360153,21.471264367816094,40.337164750957854,34.52107279693487,61.808429118773944,437.4562067866251,2.797188785113906,4557.389533237757,253.18830740209748,0.14581873559554184,69.86371526975947,3.1981231230991263,64,354,1211.9222412109375,143,8749,7110,0.15141190588474274,0.13106723129749298,0.32300347089767456,0.6393070816993713,8.98011589050293,46958,66752,287,261,2317,17349,90,30776,93,0,674,647,4862,0
