Name,h1,h2,N1,N2,vocabulary,length,volume,difficulty,effort,time,bugs,MI,CC,CCL,CCO,CEE,CI,LDC,LLDC,CLLC,CLC,NCR,CR,CEG,TLLOC,TLOC,TNCL,TNFI,TNM,TNOS,TNPKG,TCLOC,TNDI,WarningBlocker,WarningCritical,WarningMajor,WarningMinor,WarningInfo
Rasa,2.9345549738219896,21.56151832460733,13.674083769633508,25.29581151832461,24.49607329842932,38.96989528795812,249.90645589360733,1.7084040203395123,1469.8678704692156,81.65932613717868,0.08330215196453566,74.76965648979406,2.3315981811636997,121,416,258.4285888671875,276,6720,4920,0.03686000779271126,0.041334766894578934,0.09012199938297272,0.022082291543483734,0.3975461423397064,133478,162575,555,757,6670,37544,273,21513,276,0,4990,2299,2176,0
