Name,h1,h2,N1,N2,vocabulary,length,volume,difficulty,effort,time,bugs,MI,CC,CCL,CCO,CEE,CI,LDC,LLDC,CC,CLLC,CLC,NCR,CR,CEG,TLLOC,TLOC,TNCL,TNFI,TNM,TNOS,TNPKG,TCLOC,TNDI,WarningBlocker,WarningCritical,WarningMajor,WarningMinor,WarningInfo
Rasa,3.7667785234899327,27.64765100671141,17.533557046979865,32.43624161073826,31.414429530201343,49.96979865771812,320.39518842737584,2.1929877039251466,1884.2745856350348,104.68192142416864,0.10679839614245848,67.64149231462494,2.578480048846068,121,416,301.5,276,6720,4920,0.04073569178581238,0.0372411273419857,0.041851166635751724,0.10514233261346817,0.026029052212834358,0.45594534277915955,132112,160569,534,557,6547,37089,97,21305,101,0,0,0,0,0
