Name,h1,h2,N1,N2,vocabulary,length,volume,difficulty,effort,time,bugs,MI,CC,CCL,CCO,CEE,CI,LDC,LLDC,CLLC,CLC,NCR,CR,CEG,TLLOC,TLOC,TNCL,TNFI,TNM,TNOS,TNPKG,TCLOC,TNDI,WarningBlocker,WarningCritical,WarningMajor,WarningMinor,WarningInfo
TTS,4.291984732824427,24.14885496183206,18.72328244274809,34.75954198473283,28.44083969465649,53.482824427480914,357.63722571164584,2.9802524544012585,3864.6289579823724,214.7016087767985,0.11921240857054853,76.38781605220464,3.1995713951470597,127,764,10025.1044921875,427,7096,5942,0.09387342631816864,0.09233091026544571,0.32738372683525085,0.614916205406189,6.664656639099121,63298,76854,575,522,2728,23564,143,16580,146,0,3136,382,6436,0
