Name,h1,h2,N1,N2,vocabulary,length,volume,difficulty,effort,time,bugs,MI,CC,CCL,CCO,CEE,CI,LDC,LLDC,CC,CLLC,CLC,NCR,CR,CEG,TLLOC,TLOC,TNCL,TNFI,TNM,TNOS,TNPKG,TCLOC,TNDI,WarningBlocker,WarningCritical,WarningMajor,WarningMinor,WarningInfo
TTS,5.252293577981652,29.34862385321101,22.704128440366972,42.16284403669725,34.60091743119266,64.86697247706422,432.500849648263,3.6370025732502187,4652.878735285526,258.49326307141826,0.14416694988275425,70.88695148929584,3.198951031939487,57,331,2292.962890625,166,3100,2574,0.07206018269062042,0.05843094363808632,0.05859559401869774,0.20077353715896606,0.16920490562915802,2.1864395141601562,44052,52905,384,321,2037,16952,49,12521,53,0,0,0,0,0
