Name,h1,h2,N1,N2,vocabulary,length,volume,difficulty,effort,time,bugs,MI,CC,CCL,CCO,CEE,CI,LDC,LLDC,CLLC,CLC,NCR,CR,CEG,TLLOC,TLOC,TNCL,TNFI,TNM,TNOS,TNPKG,TCLOC,TNDI,WarningBlocker,WarningCritical,WarningMajor,WarningMinor,WarningInfo
Numpy,4.967189728958631,60.34522111269615,50.827389443651924,91.24679029957204,65.31241084165478,142.07417974322397,1144.1895183906254,3.891111983834781,16757.236309803782,930.957572766877,0.381396506130208,66.92563666912837,2.6442847000581353,101,715,2344.466796875,268,8105,4421,0.021764280274510384,0.03278337046504021,0.09460946917533875,0.0388721264898777,0.5009373426437378,203131,247229,1754,682,10938,81220,186,74709,189,0,27727,6156,18494,0
