Name,h1,h2,N1,N2,vocabulary,length,volume,difficulty,effort,time,bugs,MI,CC,CCL,CCO,CEE,CI,LDC,LLDC,CC,CLLC,CLC,NCR,CR,CEG,TLLOC,TLOC,TNCL,TNFI,TNM,TNOS,TNPKG,TCLOC,TNDI,WarningBlocker,WarningCritical,WarningMajor,WarningMinor,WarningInfo
Numpy,6.342293906810036,76.5,64.31182795698925,115.49462365591398,82.84229390681004,179.80645161290323,1446.2339520657677,4.95645676717632,21105.77559649675,1172.5430886942638,0.4820779840219219,57.55530301129104,2.70494749755648,98,697,4774.4287109375,256,7797,4151,0.033601246774196625,0.02149140276014805,0.03328296169638634,0.20310983061790466,0.08440795540809631,0.9963979125022888,193147,234264,1494,438,9944,78079,42,73903,46,0,0,0,0,0
