Name,h1,h2,N1,N2,vocabulary,length,volume,difficulty,effort,time,bugs,MI,CC,CCL,CCO,CEE,CI,LDC,LLDC,CC,CLLC,CLC,NCR,CR,CEG,TLLOC,TLOC,TNCL,TNFI,TNM,TNOS,TNPKG,TCLOC,TNDI,WarningBlocker,WarningCritical,WarningMajor,WarningMinor,WarningInfo
NNI,5.295429208472687,27.633221850613154,19.44593088071349,36.7469342251951,32.928651059085844,56.19286510590858,346.67138256894475,3.520675358158546,2810.5330960183783,156.14072755657708,0.11555712752298143,68.37549012300003,2.972640354541999,12,151,149.60000610351562,25,770,602,0.013003560714423656,0.009984409436583519,0.010270089842379093,0.15833333134651184,0.029769131913781166,0.5944287180900574,60294,74975,712,406,3798,26915,82,20868,86,0,0,0,0,0
