Name,h1,h2,N1,N2,vocabulary,length,volume,difficulty,effort,time,bugs,MI,CC,CCL,CCO,CEE,CI,LDC,LLDC,CLLC,CLC,NCR,CR,CEG,TLLOC,TLOC,TNCL,TNFI,TNM,TNOS,TNPKG,TCLOC,TNDI,WarningBlocker,WarningCritical,WarningMajor,WarningMinor,WarningInfo
NNI,3.984873949579832,20.816806722689076,14.650420168067226,27.68487394957983,24.80168067226891,42.33529411764706,261.22695036189816,2.650006163638449,2118.1885454251433,117.6771414125083,0.08707565012063263,76.19124675533962,2.9560389561693814,134,1203,2207.017578125,308,11447,9407,0.08858315646648407,0.08270774781703949,0.2530636191368103,0.2932681441307068,3.8071341514587402,106194,138403,1452,1172,7031,51219,416,30317,419,0,4211,3302,11551,0
