Name,h1,h2,N1,N2,vocabulary,length,volume,difficulty,effort,time,bugs,MI,CC,CCL,CCO,CEE,CI,LDC,LLDC,CLLC,CLC,NCR,CR,CEG,TLLOC,TLOC,TNCL,TNFI,TNM,TNOS,TNPKG,TCLOC,TNDI,WarningBlocker,WarningCritical,WarningMajor,WarningMinor,WarningInfo
river,3.8957915831663326,17.661322645290582,12.414829659318638,23.671342685370742,21.557114228456914,36.08617234468938,208.81879280045482,2.565888633285167,1540.1972062202149,85.56651145667857,0.06960626426681843,75.20669414350758,2.670794036127931,16,146,236.60000610351562,34,1144,646,0.011968282051384449,0.01788170635700226,0.15000000596046448,0.03816511109471321,0.6981686949729919,53976,63976,609,487,2846,13828,83,27365,86,0,780,615,3364,0
