Name,h1,h2,N1,N2,vocabulary,length,volume,difficulty,effort,time,bugs,MI,CC,CCL,CCO,CEE,CI,LDC,LLDC,CC,CLLC,CLC,NCR,CR,CEG,TLLOC,TLOC,TNCL,TNFI,TNM,TNOS,TNPKG,TCLOC,TNDI,WarningBlocker,WarningCritical,WarningMajor,WarningMinor,WarningInfo
river,4.174840085287847,18.878464818763327,13.270788912579958,25.300639658848613,23.053304904051174,38.57142857142857,222.77209640061076,2.748649303299347,1639.9342285621308,91.10745714234055,0.07425736546687041,73.24135141057138,2.711701167745063,16,146,394.3333435058594,34,1144,646,0.0218973346054554,0.0119100296869874,0.017759012058377266,0.25,0.06329891830682755,1.0589672327041626,54240,64418,606,450,2825,13618,52,27580,56,0,0,0,0,0
