Name,h1,h2,N1,N2,vocabulary,length,volume,difficulty,effort,time,bugs,MI,CC,CCL,CCO,CEE,CI,LDC,LLDC,CLLC,CLC,NCR,CR,CEG,TLLOC,TLOC,TNCL,TNFI,TNM,TNOS,TNPKG,TCLOC,TNDI,WarningBlocker,WarningCritical,WarningMajor,WarningMinor,WarningInfo
InsightFace,5.276134122287968,32.88560157790927,25.63905325443787,48.036489151873766,38.16173570019724,73.67554240631164,488.5131173325977,3.7778142529019947,4737.156001027134,263.1753333903968,0.16283770577753195,72.02392101612973,4.149789739008691,373,4267,218669.4375,1273,32946,29485,0.23540541529655457,0.2168455868959427,0.24410705268383026,2.7305333614349365,21.849884033203125,125252,151933,702,1016,4624,59177,235,27797,238,0,2758,3585,13159,0
