h1,h2,N1,N2,vocabulary,length,volume,difficulty,effort,time,bugs,MI,CC
3.3440860215053765,19.506912442396313,13.351766513056836,25.222734254992318,22.85099846390169,38.574500768049155,239.07963958459877,2.123418587966955,1933.204527533323,107.40025152962902,0.07969321319486625,74.05278329865992,2.5000336293271452
