h1,h2,N1,N2,vocabulary,length,volume,difficulty,effort,time,bugs,MI,CC
2.931972789115646,17.12108843537415,11.727891156462585,22.153741496598638,20.053061224489795,33.881632653061224,210.1035668122571,1.86339007889186,1704.069198861445,94.67051104785799,0.07003452227075237,77.24356026822515,2.3703396056093293
