Name,h1,h2,N1,N2,vocabulary,length,volume,difficulty,effort,time,bugs,MI,CC,CCL,CCO,CEE,CI,LDC,LLDC,CC,CLLC,CLC,NCR,CR,CEG,TLLOC,TLOC,TNCL,TNFI,TNM,TNOS,TNPKG,TCLOC,TNDI,WarningBlocker,WarningCritical,WarningMajor,WarningMinor,WarningInfo
spaCy,2.356801909307876,17.785202863961814,12.225536992840096,23.26491646778043,20.14200477326969,35.49045346062052,227.8034170646772,1.5271664061255663,1481.0675008941844,82.28152782745478,0.07593447235489245,77.47117008868489,4.2492368521092025,50,458,1795.71435546875,139,3478,2885,0.03608734905719757,0.025808241218328476,0.02788803167641163,0.43142858147621155,0.20422695577144623,2.7248377799987793,111786,124713,281,824,3126,26258,170,8470,174,0,0,0,0,0
