Name,h1,h2,N1,N2,vocabulary,length,volume,difficulty,effort,time,bugs,MI,CC,CCL,CCO,CEE,CI,LDC,LLDC,CLLC,CLC,NCR,CR,CEG,TLLOC,TLOC,TNCL,TNFI,TNM,TNOS,TNPKG,TCLOC,TNDI,WarningBlocker,WarningCritical,WarningMajor,WarningMinor,WarningInfo
spaCy,2.193842645381984,16.789053591790193,11.538198403648803,21.96237172177879,18.982896237172177,33.50057012542759,215.41218101580833,1.4214996487149014,1399.512038505234,77.7506688058464,0.07180406033860279,78.88665806627543,4.6233747948755175,38,412,384.20001220703125,93,2568,2177,0.019725456833839417,0.02087228000164032,0.27105262875556946,0.11659493297338486,1.9589450359344482,110365,123034,130,868,3124,26443,209,8459,212,0,790,1387,2235,0
