h1,h2,N1,N2,vocabulary,length,volume,difficulty,effort,time,bugs,MI,CC
3.0783132530120483,20.126506024096386,15.319277108433734,24.662650602409638,23.204819277108435,39.98192771084337,238.14973643345309,1.9383869191567809,1240.2249644875117,68.90138691597286,0.07938324547781772,77.60206055628223,2.8465594370051726
