h1,h2,N1,N2,vocabulary,length,volume,difficulty,effort,time,bugs,MI,CC
3.676258992805755,24.035971223021583,18.294964028776977,29.453237410071942,27.712230215827336,47.74820143884892,284.4090377550591,2.31490811928076,1481.1319719778917,82.2851095543273,0.09480301258501973,73.25138167153126,2.718457143998677
