h1,h2,N1,N2,vocabulary,length,volume,difficulty,effort,time,bugs,MI,CC
3.8957915831663326,17.661322645290582,12.414829659318638,23.671342685370742,21.557114228456914,36.08617234468938,208.81879280045482,2.565888633285167,1540.1972062202149,85.56651145667857,0.06960626426681843,75.20669414350758,2.670794036127931
