h1,h2,N1,N2,vocabulary,length,volume,difficulty,effort,time,bugs,MI,CC
4.174840085287847,18.878464818763327,13.270788912579958,25.300639658848613,23.053304904051174,38.57142857142857,222.77209640061076,2.748649303299347,1639.9342285621308,91.10745714234055,0.07425736546687041,73.24135141057138,2.711701167745063
