Name,h1,h2,N1,N2,vocabulary,length,volume,difficulty,effort,time,bugs,MI,CC,CCL,CCO,CEE,CI,LDC,LLDC,CLLC,CLC,NCR,CR,CEG,TLLOC,TLOC,TNCL,TNFI,TNM,TNOS,TNPKG,TCLOC,TNDI,WarningBlocker,WarningCritical,WarningMajor,WarningMinor,WarningInfo
Pytorch image models,8.724907063197026,47.80297397769517,39.44237918215613,73.1635687732342,56.52788104089219,112.60594795539033,744.1164651987805,6.604659796458665,8530.622046581888,473.923447032327,0.2480388217329268,59.05260717276751,4.136623718769368,23,173,604.625,52,1213,1063,0.015702320262789726,0.014525380916893482,0.16847826540470123,0.028542622923851013,0.44565463066101074,67697,83509,710,269,4154,27520,23,11292,26,0,987,875,7477,0
