Name,h1,h2,N1,N2,vocabulary,length,volume,difficulty,effort,time,bugs,MI,CC,CCL,CCO,CEE,CI,LDC,LLDC,CC,CLLC,CLC,NCR,CR,CEG,TLLOC,TLOC,TNCL,TNFI,TNM,TNOS,TNPKG,TCLOC,TNDI,WarningBlocker,WarningCritical,WarningMajor,WarningMinor,WarningInfo
Pytorch image models,9.132295719844358,50.03501945525292,41.284046692607006,76.57976653696498,59.16731517509728,117.86381322957199,778.8612028734317,6.913048580729109,8928.939029301666,496.0521682945368,0.2596204009578105,57.140678237077815,3.828443677050356,22,163,804.8333740234375,50,1173,1029,0.0166759192943573,0.01585247553884983,0.014658652245998383,0.21969696879386902,0.03763614967465401,0.5625138878822327,64911,80021,706,244,4106,26117,11,11031,15,0,0,0,0,0
