h1,h2,N1,N2,vocabulary,length,volume,difficulty,effort,time,bugs,MI,CC
5.375527426160337,33.15822784810127,23.071729957805907,43.63291139240506,38.5337552742616,66.70464135021098,429.372132734171,3.4978035368046174,3669.1547333276076,203.84192962931147,0.14312404424472375,68.27221572740878,4.347537457852669
