h1,h2,N1,N2,vocabulary,length,volume,difficulty,effort,time,bugs,MI,CC
5.265560165975104,32.54979253112033,22.649377593360995,42.8402489626556,37.815352697095435,65.4896265560166,421.8292581422905,3.42796070179164,3607.3114339753993,200.40619077641105,0.1406097527140969,68.90054751048378,4.303277337743982
