Name,h1,h2,N1,N2,vocabulary,length,volume,difficulty,effort,time,bugs,MI,CC,CCL,CCO,CEE,CI,LDC,LLDC,CC,CLLC,CLC,NCR,CR,CEG,TLLOC,TLOC,TNCL,TNFI,TNM,TNOS,TNPKG,TCLOC,TNDI,WarningBlocker,WarningCritical,WarningMajor,WarningMinor,WarningInfo
PyTorch,5.5174754840331905,48.62232838823233,36.24390243902439,66.96706059844104,54.139803872265524,103.21096303746543,793.4380371365164,3.6486364689138804,9718.112783977283,539.8951546654034,0.2644793457121719,63.60539795884328,2.515573038044233,407,2199,9855.6259765625,1089,24309,15576,0.03274168819189072,0.023343609645962715,0.02934611402451992,0.11962002515792847,0.048372577875852585,0.526024341583252,667249,828355,4389,2498,35280,238126,356,156390,360,0,0,0,0,0
