Name,h1,h2,N1,N2,vocabulary,length,volume,difficulty,effort,time,bugs,MI,CC,CCL,CCO,CEE,CI,LDC,LLDC,CLLC,CLC,NCR,CR,CEG,TLLOC,TLOC,TNCL,TNFI,TNM,TNOS,TNPKG,TCLOC,TNDI,WarningBlocker,WarningCritical,WarningMajor,WarningMinor,WarningInfo
PyTorch,4.564951497258541,40.060312104597216,29.878954027836357,55.193378321383385,44.62526360185576,85.07233234921974,652.7100838860827,3.0204640603933104,7965.933613192618,442.5518673995886,0.21757002796202748,69.87334335087559,2.5553872499614005,756,4250,11076.775390625,1897,44126,34779,0.029798302799463272,0.0301092229783535,0.07452578842639923,0.03100445866584778,0.33292877674102783,1167147,1465531,12722,4695,82766,512045,1180,205233,1183,0,101181,47802,125983,0
