h1,h2,N1,N2,vocabulary,length,volume,difficulty,effort,time,bugs,MI,CC
4.68595041322314,27.691460055096417,20.881542699724516,38.853994490358126,32.37741046831956,59.735537190082646,385.3273402994615,3.181385028622828,3232.8336965331896,179.60187202962172,0.12844244676648717,69.47254940717055,3.228212348771765
