h1,h2,N1,N2,vocabulary,length,volume,difficulty,effort,time,bugs,MI,CC
4.417948717948718,26.182051282051283,19.73076923076923,36.717948717948715,30.6,56.44871794871795,364.54366084585973,3.001935737316209,3068.3271429778183,170.46261905432328,0.12151455361528654,71.60930726184158,3.2148348845094485
