h1,h2,N1,N2,vocabulary,length,volume,difficulty,effort,time,bugs,MI,CC
2.2625570776255706,17.34474885844749,11.678082191780822,21.95662100456621,19.60730593607306,33.63470319634703,225.87843918943506,1.421576728291936,1578.806145764972,87.71145254249844,0.07529281306314496,81.43482722880788,3.2020409984019014
