h1,h2,N1,N2,vocabulary,length,volume,difficulty,effort,time,bugs,MI,CC
2.1814159292035398,16.77433628318584,11.298672566371682,21.238938053097346,18.95575221238938,32.53761061946903,218.68715459089967,1.371210112009362,1529.5014848580597,84.97230471433664,0.07289571819696651,82.12134696857919,3.1977183080084646
