Name,h1,h2,N1,N2,vocabulary,length,volume,difficulty,effort,time,bugs,MI,CC,CCL,CCO,CEE,CI,LDC,LLDC,CLLC,CLC,NCR,CR,CEG,TLLOC,TLOC,TNCL,TNFI,TNM,TNOS,TNPKG,TCLOC,TNDI,WarningBlocker,WarningCritical,WarningMajor,WarningMinor,WarningInfo
TensorForce,4.7967032967032965,33.87362637362637,28.25824175824176,53.005494505494504,38.67032967032967,81.26373626373626,571.4323076101698,3.499659843693561,6473.637887866627,359.6465493259236,0.1904774358700566,73.37525233328286,5.329001759479274,21,177,782.6000366210938,44,1217,1066,0.04029941186308861,0.03435039147734642,0.20476190745830536,0.09076062589883804,1.3621516227722168,26452,35429,194,182,1379,12434,34,8265,37,0,568,539,1138,0
