Name,h1,h2,N1,N2,vocabulary,length,volume,difficulty,effort,time,bugs,MI,CC,CCL,CCO,CEE,CI,LDC,LLDC,CC,CLLC,CLC,NCR,CR,CEG,TLLOC,TLOC,TNCL,TNFI,TNM,TNOS,TNPKG,TCLOC,TNDI,WarningBlocker,WarningCritical,WarningMajor,WarningMinor,WarningInfo
TensorForce,5.3090909090909095,37.4,31.187878787878788,58.5030303030303,42.70909090909091,89.69090909090909,630.3936039245901,3.8693217669832007,7140.661987411999,396.7034437451108,0.2101312013081968,70.55787756688156,5.124367771459001,16,137,1094.0,34,863,756,0.03564094379544258,0.030461762100458145,0.02608511596918106,0.2053571492433548,0.061844516545534134,0.8837736248970032,24818,33084,173,144,1232,11556,17,7882,21,0,0,0,0,0
