Name,h1,h2,N1,N2,vocabulary,length,volume,difficulty,effort,time,bugs,MI,CC,CCL,CCO,CEE,CI,LDC,LLDC,CLLC,CLC,NCR,CR,CEG,TLLOC,TLOC,TNCL,TNFI,TNM,TNOS,TNPKG,TCLOC,TNDI,WarningBlocker,WarningCritical,WarningMajor,WarningMinor,WarningInfo
Open-Assistant,1.9849624060150375,9.209022556390977,6.619548872180451,12.475187969924812,11.193984962406015,19.094736842105263,113.70125770854733,1.3068994342833988,953.981226332333,52.99895701846286,0.03790041923618251,85.39859006208107,2.907494824535195,20,127,53.375,52,1214,980,0.03169264644384384,0.030801238492131233,0.15625,0.07556512951850891,1.8996614217758179,30922,39414,338,649,1501,10925,337,3977,340,0,519,444,3264,0
