Name,h1,h2,N1,N2,vocabulary,length,volume,difficulty,effort,time,bugs,MI,CC,CCL,CCO,CEE,CI,LDC,LLDC,CC,CLLC,CLC,NCR,CR,CEG,TLLOC,TLOC,TNCL,TNFI,TNM,TNOS,TNPKG,TCLOC,TNDI,WarningBlocker,WarningCritical,WarningMajor,WarningMinor,WarningInfo
Open-Assistant,3.7290502793296088,17.324022346368714,12.477653631284916,23.527932960893853,21.053072625698324,36.00558659217877,214.38712353177579,2.4603855712646534,1797.460731918275,99.85892955101508,0.07146237451059205,72.63010464586586,2.9182117962283107,2,5,5.0,5,192,132,0.06378986686468124,0.12394366413354874,0.13636364042758942,1.0,0.5014084577560425,30.183979034423828,1065,1408,7,19,32,361,6,289,10,0,0,0,0,0
