h1,h2,N1,N2,vocabulary,length,volume,difficulty,effort,time,bugs,MI,CC
3.7290502793296088,17.324022346368714,12.477653631284916,23.527932960893853,21.053072625698324,36.00558659217877,214.38712353177579,2.4603855712646534,1797.460731918275,99.85892955101508,0.07146237451059205,72.63010464586586,2.9182117962283107
