h1,h2,N1,N2,vocabulary,length,volume,difficulty,effort,time,bugs,MI,CC
1.9849624060150375,9.209022556390977,6.619548872180451,12.475187969924812,11.193984962406015,19.094736842105263,113.70125770854733,1.3068994342833988,953.981226332333,52.99895701846286,0.03790041923618251,85.39859006208107,2.907494824535195
