h1,h2,N1,N2,vocabulary,length,volume,difficulty,effort,time,bugs,MI,CC
4.740701381509033,29.06163655685441,24.090329436769395,44.0403825717322,33.80233793836344,68.13071200850159,455.63708211386887,3.516830313351818,4811.326035234375,267.2958908463544,0.15187902737128955,76.47589351516353,4.020176772823192
