Name,h1,h2,N1,N2,vocabulary,length,volume,difficulty,effort,time,bugs,MI,CC,CCL,CCO,CEE,CI,LDC,LLDC,CLLC,CLC,NCR,CR,CEG,TLLOC,TLOC,TNCL,TNFI,TNM,TNOS,TNPKG,TCLOC,TNDI,WarningBlocker,WarningCritical,WarningMajor,WarningMinor,WarningInfo
DeepChem,3.306378132118451,21.662870159453302,16.28018223234624,29.968109339407746,24.969248291571756,46.24829157175399,294.10791985333293,2.2311510922333926,2431.174497179291,135.06524984329414,0.09803597328444436,73.76737474487534,3.3565997347707013,230,1392,6804.6943359375,611,15972,11420,0.0851355716586113,0.1009620875120163,0.23620101809501648,0.2654936611652374,3.0073940753936768,134139,158198,830,878,4833,42736,171,56917,174,0,6652,10073,9640,0
