Name,h1,h2,N1,N2,vocabulary,length,volume,difficulty,effort,time,bugs,MI,CC,CCL,CCO,CEE,CI,LDC,LLDC,CC,CLLC,CLC,NCR,CR,CEG,TLLOC,TLOC,TNCL,TNFI,TNM,TNOS,TNPKG,TCLOC,TNDI,WarningBlocker,WarningCritical,WarningMajor,WarningMinor,WarningInfo
DeepChem,3.7838541666666665,24.765625,18.59765625,34.247395833333336,28.549479166666668,52.845052083333336,335.6917712830299,2.5532469254901033,2768.7936253472885,153.82186807484965,0.11189725709434332,69.9615729235319,3.3343713826805406,124,912,3900.416015625,295,8462,5269,0.07530667632818222,0.047119107097387314,0.06564218550920486,0.22424742579460144,0.19661039113998413,2.3772788047790527,111823,128911,718,506,4034,35241,52,50874,56,0,0,0,0,0
