h1,h2,N1,N2,vocabulary,length,volume,difficulty,effort,time,bugs,MI,CC
4.849397590361446,61.3855421686747,41.57831325301205,78.25301204819277,66.23493975903614,119.83132530120481,967.726448314289,3.1275853114946384,10189.790022704503,566.0994457058059,0.32257548277142956,68.96714910085564,3.693299455995625
