h1,h2,N1,N2,vocabulary,length,volume,difficulty,effort,time,bugs,MI,CC
5.33112582781457,67.48344370860927,45.70860927152318,86.02649006622516,72.81456953642385,131.73509933774835,1063.8582147031257,3.4382725940934433,11202.020819661904,622.3344899812171,0.35461940490104177,65.88441556782809,3.8730531567019537
