h1,h2,N1,N2,vocabulary,length,volume,difficulty,effort,time,bugs,MI,CC
6.428015564202335,42.3307392996109,29.77431906614786,54.14785992217899,48.75875486381323,83.92217898832685,566.1156009549859,4.083156674210087,5090.267690002565,282.79264944458714,0.18870520031832858,67.83298189217037,2.8347188966033707
