Name,h1,h2,N1,N2,vocabulary,length,volume,difficulty,effort,time,bugs,MI,CC,CCL,CCO,CEE,CI,LDC,LLDC,CC,CLLC,CLC,NCR,CR,CEG,TLLOC,TLOC,TNCL,TNFI,TNM,TNOS,TNPKG,TCLOC,TNDI,WarningBlocker,WarningCritical,WarningMajor,WarningMinor,WarningInfo
Mars,3.9564343163538873,23.16353887399464,17.205764075067023,32.53083109919571,27.119973190348524,49.73659517426273,322.83966429330104,2.658336862653222,2832.4139705212788,157.3563316956273,0.10761322143109943,72.66931098061985,3.3619145708164293,138,756,4308.25,467,16551,7584,0.037432700395584106,0.03445878624916077,0.05809590220451355,0.13385668396949768,0.2483491599559784,2.9668707847595215,220089,284891,1834,1473,11659,93256,278,67983,282,0,0,0,0,0
