Name,h1,h2,N1,N2,vocabulary,length,volume,difficulty,effort,time,bugs,MI,CC,CCL,CCO,CEE,CI,LDC,LLDC,CLLC,CLC,NCR,CR,CEG,TLLOC,TLOC,TNCL,TNFI,TNM,TNOS,TNPKG,TCLOC,TNDI,WarningBlocker,WarningCritical,WarningMajor,WarningMinor,WarningInfo
Mars,3.777275661717237,22.207876049063913,16.502259522272436,31.20271142672692,25.98515171078115,47.70497094899935,309.80987355908417,2.5394481325393796,2712.6974661608233,150.70541478671308,0.1032699578530272,73.87056093369152,3.3670706012483222,150,966,3096.176513671875,491,17473,8348,0.03804801031947136,0.06211761012673378,0.10104575008153915,0.19312992691993713,2.4022719860076904,219407,281289,1866,1549,11576,93200,337,65294,340,0,8333,3371,14851,0
