Name,h1,h2,N1,N2,vocabulary,length,volume,difficulty,effort,time,bugs,MI,CC,CCL,CCO,CEE,CI,LDC,LLDC,CLLC,CLC,NCR,CR,CEG,TLLOC,TLOC,TNCL,TNFI,TNM,TNOS,TNPKG,TCLOC,TNDI,WarningBlocker,WarningCritical,WarningMajor,WarningMinor,WarningInfo
Horovod,4.394409937888199,37.37888198757764,25.695652173913043,48.807453416149066,41.77329192546584,74.5031055900621,619.8463830665265,2.7474442546673012,6749.678064864822,374.98211471471245,0.20661546102217546,76.27496791000947,3.0555600316557694,123,1200,1607.370361328125,271,6574,5438,0.1182996854186058,0.10618125647306442,0.2336946725845337,0.40337562561035156,5.458619594573975,45968,61913,369,320,2869,24817,97,10685,100,0,2142,1850,3757,0
