Name,h1,h2,N1,N2,vocabulary,length,volume,difficulty,effort,time,bugs,MI,CC,CCL,CCO,CEE,CI,LDC,LLDC,CC,CLLC,CLC,NCR,CR,CEG,TLLOC,TLOC,TNCL,TNFI,TNM,TNOS,TNPKG,TCLOC,TNDI,WarningBlocker,WarningCritical,WarningMajor,WarningMinor,WarningInfo
Horovod,5.780392156862745,48.6078431372549,33.470588235294116,63.56470588235294,54.38823529411765,97.03529411764706,802.7471930954074,3.6256603375479566,8719.941676989762,484.4412042772091,0.2675823976984691,68.88087688572513,2.9236317609288838,20,175,297.4285888671875,41,945,700,0.045044608414173126,0.03416800871491432,0.03429131209850311,0.37857145071029663,0.20076844096183777,3.5237784385681152,20487,27558,257,148,1569,8895,30,7553,34,0,0,0,0,0
