Name,h1,h2,N1,N2,vocabulary,length,volume,difficulty,effort,time,bugs,MI,CC,CCL,CCO,CEE,CI,LDC,LLDC,CLLC,CLC,NCR,CR,CEG,TLLOC,TLOC,TNCL,TNFI,TNM,TNOS,TNPKG,TCLOC,TNDI,WarningBlocker,WarningCritical,WarningMajor,WarningMinor,WarningInfo
Detectron2,3.953125,19.791666666666668,14.26736111111111,26.70486111111111,23.744791666666668,40.97222222222222,256.98936565129884,2.6002013966584516,2339.995716678479,129.99976203769307,0.0856631218837664,78.65301708386704,3.879718776056075,35,172,327.91668701171875,76,1913,1609,0.026856055483222008,0.025935115292668343,0.17380952835083008,0.030569836497306824,0.527720034122467,59912,73761,582,576,2895,23898,135,17800,138,0,2915,1144,3561,0
