Name,h1,h2,N1,N2,vocabulary,length,volume,difficulty,effort,time,bugs,MI,CC,CCL,CCO,CEE,CI,LDC,LLDC,CC,CLLC,CLC,NCR,CR,CEG,TLLOC,TLOC,TNCL,TNFI,TNM,TNOS,TNPKG,TCLOC,TNDI,WarningBlocker,WarningCritical,WarningMajor,WarningMinor,WarningInfo
Detectron2,4.641129032258065,23.056451612903224,16.625,31.08467741935484,27.697580645161292,47.70967741935484,298.73448922945374,3.0447903316033633,2717.804800142732,150.98915556348487,0.09957816307648473,75.03768545094901,3.8253672217700863,19,98,258.0,40,1091,934,0.024919778108596802,0.024259740486741066,0.023064563050866127,0.24812030792236328,0.040393322706222534,0.7274068593978882,38500,47302,345,219,1925,15677,29,12211,33,0,0,0,0,0
