h1,h2,N1,N2,vocabulary,length,volume,difficulty,effort,time,bugs,MI,CC
6.022471910112359,27.865168539325843,20.235955056179776,38.08988764044944,33.8876404494382,58.325842696629216,363.03423822886595,3.9042151185389224,3268.159181946639,181.56439899703554,0.12101141274295533,71.787011234922,2.459944219337289
