h1,h2,N1,N2,vocabulary,length,volume,difficulty,effort,time,bugs,MI,CC
3.152941176470588,14.588235294117647,10.594117647058823,19.941176470588236,17.741176470588236,30.53529411764706,190.0591011904063,2.0439714444115538,1710.977454077946,95.05430300433036,0.06335303373013544,85.22967058769446,2.452006093627209
