Name,h1,h2,N1,N2,vocabulary,length,volume,difficulty,effort,time,bugs,MI,CC,CCL,CCO,CEE,CI,LDC,LLDC,CLLC,CLC,NCR,CR,CEG,TLLOC,TLOC,TNCL,TNFI,TNM,TNOS,TNPKG,TCLOC,TNDI,WarningBlocker,WarningCritical,WarningMajor,WarningMinor,WarningInfo
Snorkel,2.0256410256410255,8.301282051282051,7.314102564102564,12.679487179487179,10.326923076923077,19.993589743589745,107.13007184445486,1.4017276430167218,736.2947319445738,40.90526288580967,0.03571002394815159,81.49976586718275,2.794479742826654,8,26,138.3000030517578,18,466,299,0.02696365676820278,0.0341092087328434,0.2083333432674408,0.04108576104044914,0.8334604501724243,11089,13662,152,156,649,3980,49,4172,52,0,361,212,785,0
