Name,h1,h2,N1,N2,vocabulary,length,volume,difficulty,effort,time,bugs,MI,CC,CCL,CCO,CEE,CI,LDC,LLDC,CC,CLLC,CLC,NCR,CR,CEG,TLLOC,TLOC,TNCL,TNFI,TNM,TNOS,TNPKG,TCLOC,TNDI,WarningBlocker,WarningCritical,WarningMajor,WarningMinor,WarningInfo
Snorkel,2.164383561643836,8.86986301369863,7.815068493150685,13.547945205479452,11.034246575342467,21.363013698630137,114.46774799818463,1.4977363856891002,786.7258779681747,43.706993220454166,0.03815591599939485,80.23262654301718,2.8030158236422706,6,21,139.6666717529297,13,376,227,0.028999587520956993,0.023076141253113747,0.03137778490781784,0.2716049551963806,0.04721403494477272,0.9558640122413635,9837,11983,138,129,534,3277,38,4116,42,0,0,0,0,0
