Name,h1,h2,N1,N2,vocabulary,length,volume,difficulty,effort,time,bugs,MI,CC,CCL,CCO,CEE,CI,LDC,LLDC,CLLC,CLC,NCR,CR,CEG,TLLOC,TLOC,TNCL,TNFI,TNM,TNOS,TNPKG,TCLOC,TNDI,WarningBlocker,WarningCritical,WarningMajor,WarningMinor,WarningInfo
Pybrain,3.50968992248062,21.912790697674417,16.521317829457363,30.78875968992248,25.42248062015504,47.310077519379846,308.241254771109,2.335931278653412,2324.27146502085,129.12619250115822,0.1027470849237029,79.41282384904912,2.629555604199294,20,125,44.400001525878906,53,1034,923,0.03487493470311165,0.027139820158481598,0.17555555701255798,0.056202929466962814,1.481552004814148,26466,38099,465,516,2235,14550,148,8822,151,0,2171,1280,7000,0
