Name,h1,h2,N1,N2,vocabulary,length,volume,difficulty,effort,time,bugs,MI,CC,CCL,CCO,CEE,CI,LDC,LLDC,CC,CLLC,CLC,NCR,CR,CEG,TLLOC,TLOC,TNCL,TNFI,TNM,TNOS,TNPKG,TCLOC,TNDI,WarningBlocker,WarningCritical,WarningMajor,WarningMinor,WarningInfo
Pybrain,4.015521064301552,25.070953436807095,18.902439024390244,35.22616407982262,29.086474501108647,54.12860310421286,352.66626931683425,2.6725954318961427,2659.255157318755,147.7363976288196,0.11755542310561129,76.44571420423354,2.6949488947036704,5,58,35.090911865234375,10,266,250,0.011953543871641159,0.010570824146270752,0.007965502329170704,0.20000000298023224,0.02120315283536911,0.5959315896034241,23650,33394,452,386,2143,13896,79,7650,83,0,0,0,0,0
