Name,h1,h2,N1,N2,vocabulary,length,volume,difficulty,effort,time,bugs,MI,CC,CCL,CCO,CEE,CI,LDC,LLDC,CC,CLLC,CLC,NCR,CR,CEG,TLLOC,TLOC,TNCL,TNFI,TNM,TNOS,TNPKG,TCLOC,TNDI,WarningBlocker,WarningCritical,WarningMajor,WarningMinor,WarningInfo
ELI5,5.292134831460674,24.662921348314608,17.235955056179776,32.17977528089887,29.95505617977528,49.41573033707865,283.29256928684873,3.409405397208014,1864.271853414121,103.5706585230067,0.09443085642894955,64.91040311142268,2.9732140130196956,1,2,6.800000190734863,2,40,36,0.005197976715862751,0.0031039833556860685,0.002823064336553216,0.20000000298023224,0.001379548222757876,0.07196680456399918,11598,14169,32,87,697,4446,7,3117,11,0,0,0,0,0
