Name,h1,h2,N1,N2,vocabulary,length,volume,difficulty,effort,time,bugs,MI,CC,CCL,CCO,CEE,CI,LDC,LLDC,CLLC,CLC,NCR,CR,CEG,TLLOC,TLOC,TNCL,TNFI,TNM,TNOS,TNPKG,TCLOC,TNDI,WarningBlocker,WarningCritical,WarningMajor,WarningMinor,WarningInfo
ELI5,4.476190476190476,20.885714285714286,14.6,27.257142857142856,25.36190476190476,41.857142857142854,240.07889313359402,2.885115050966793,1580.1696905724352,87.78720503180193,0.080026297711198,70.46506447033829,2.8307704145068464,1,2,4.25,2,40,36,0.003099173540249467,0.002757289679720998,0.125,0.0008608815260231495,0.05949755758047104,11616,14507,33,105,701,4456,23,3338,26,0,230,307,812,0
