Name,h1,h2,N1,N2,vocabulary,length,volume,difficulty,effort,time,bugs,MI,CC,CCL,CCO,CEE,CI,LDC,LLDC,CC,CLLC,CLC,NCR,CR,CEG,TLLOC,TLOC,TNCL,TNFI,TNM,TNOS,TNPKG,TCLOC,TNDI,WarningBlocker,WarningCritical,WarningMajor,WarningMinor,WarningInfo
Paddle,4.692179004600585,28.44081974069427,22.523630280217482,40.632998745294856,33.132998745294856,63.15662902551234,406.8451778236682,3.2738306479252843,3736.7821740402387,207.5990096689034,0.1356150592745561,65.2474649287339,3.0896463179215843,382,4137,22066.708984375,928,28669,20181,0.07888069748878479,0.05449066683650017,0.06538447737693787,0.19968004524707794,0.32821664214134216,3.2803900241851807,370357,438468,1695,1018,14430,128174,158,133910,162,0,0,0,0,0
