Name,h1,h2,N1,N2,vocabulary,length,volume,difficulty,effort,time,bugs,MI,CC,CCL,CCO,CEE,CI,LDC,LLDC,CLLC,CLC,NCR,CR,CEG,TLLOC,TLOC,TNCL,TNFI,TNM,TNOS,TNPKG,TCLOC,TNDI,WarningBlocker,WarningCritical,WarningMajor,WarningMinor,WarningInfo
Paddle,4.122579466569237,24.9165144318597,19.754110339788088,35.6200219218122,29.039093898428938,55.374132261600295,356.3288308668572,2.8785541830903028,3274.0793108937273,181.89329504965312,0.11877627695561913,69.37261045860078,3.228818072455524,2218,16418,177732.328125,6068,142670,123748,0.12186349928379059,0.11226335912942886,0.0973123088479042,0.21622797846794128,1.7885862588882446,1015464,1270851,17505,5467,61783,427393,800,207606,803,0,77116,30550,60786,0
