Name,h1,h2,N1,N2,vocabulary,length,volume,difficulty,effort,time,bugs,MI,CC,CCL,CCO,CEE,CI,LDC,LLDC,CC,CLLC,CLC,NCR,CR,CEG,TLLOC,TLOC,TNCL,TNFI,TNM,TNOS,TNPKG,TCLOC,TNDI,WarningBlocker,WarningCritical,WarningMajor,WarningMinor,WarningInfo
qlib,6.466049382716049,31.09259259259259,21.90432098765432,41.02777777777778,37.55864197530864,62.9320987654321,396.48177028107506,4.155306589771555,3633.2802270353773,201.84890150196534,0.13216059009369185,67.69674236334174,2.7250640153052497,35,658,11892.572265625,150,2917,2345,0.08385490626096725,0.052391696721315384,0.05307689681649208,0.2775510251522064,0.9507553577423096,10.097492218017578,44759,54958,529,228,2609,17212,43,16639,47,0,0,0,0,0
