Name,h1,h2,N1,N2,vocabulary,length,volume,difficulty,effort,time,bugs,MI,CC,CCL,CCO,CEE,CI,LDC,LLDC,CLLC,CLC,NCR,CR,CEG,TLLOC,TLOC,TNCL,TNFI,TNM,TNOS,TNPKG,TCLOC,TNDI,WarningBlocker,WarningCritical,WarningMajor,WarningMinor,WarningInfo
qlib,4.912832929782082,23.544794188861985,16.602905569007262,31.113801452784504,28.45762711864407,47.71670702179177,300.057378331801,3.1587426181156153,2735.6737909562294,151.9818772753461,0.10001912611060042,75.52530932880202,2.741801453469701,40,686,8345.0,160,3180,2589,0.04689367860555649,0.04628888517618179,0.20749999582767487,0.5454301834106445,6.033254623413086,55210,68699,686,413,3261,21878,135,18766,138,0,1272,971,4864,0
