Name,h1,h2,N1,N2,vocabulary,length,volume,difficulty,effort,time,bugs,MI,CC,CCL,CCO,CEE,CI,LDC,LLDC,CC,CLLC,CLC,NCR,CR,CEG,TLLOC,TLOC,TNCL,TNFI,TNM,TNOS,TNPKG,TCLOC,TNDI,WarningBlocker,WarningCritical,WarningMajor,WarningMinor,WarningInfo
Kedro,3.1707317073170733,32.109756097560975,19.73170731707317,37.8780487804878,35.28048780487805,57.609756097560975,397.5807788897426,1.8047062913470657,1772.206018233528,98.45588990186265,0.13252692629658083,71.7945227462629,2.8142509275215937,16,64,56.79999923706055,32,840,686,0.029375050216913223,0.026458904147148132,0.026708213612437248,0.125,0.02004859782755375,0.49630531668663025,25927,31451,226,131,1832,9075,32,4980,36,0,0,0,0,0
