Name,h1,h2,N1,N2,vocabulary,length,volume,difficulty,effort,time,bugs,MI,CC,CCL,CCO,CEE,CI,LDC,LLDC,CLLC,CLC,NCR,CR,CEG,TLLOC,TLOC,TNCL,TNFI,TNM,TNOS,TNPKG,TCLOC,TNDI,WarningBlocker,WarningCritical,WarningMajor,WarningMinor,WarningInfo
Kedro,2.103734439834025,21.734439834024897,13.340248962655602,25.61825726141079,23.83817427385892,38.95850622406639,269.49613337078273,1.1942163626254956,1198.140729971829,66.56337388732383,0.08983204445692755,81.13937789072851,2.8628790298766367,17,76,44.94117736816406,34,880,724,0.0275547094643116,0.027289360761642456,0.11764705926179886,0.02668159268796444,0.7011476755142212,26275,32247,221,241,1847,9183,121,5423,124,0,309,870,426,0
