h1,h2,N1,N2,vocabulary,length,volume,difficulty,effort,time,bugs,MI,CC
9.849056603773585,40.54716981132076,31.92452830188679,57.18867924528302,50.39622641509434,89.11320754716981,520.830954495289,6.948377919217836,4202.81510400425,233.48972800023608,0.1736103181650964,50.26010888696259,2.064693050039059
