h1,h2,N1,N2,vocabulary,length,volume,difficulty,effort,time,bugs,MI,CC
9.157894736842104,37.70175438596491,29.68421052631579,53.175438596491226,46.85964912280702,82.85964912280701,484.28141382895296,6.4607724512025495,3907.8807107407943,217.10448393004407,0.16142713794298436,53.75062756156172,1.9548900289836861
