Name,h1,h2,N1,N2,vocabulary,length,volume,difficulty,effort,time,bugs,MI,CC,CCL,CCO,CEE,CI,LDC,LLDC,CC,CLLC,CLC,NCR,CR,CEG,TLLOC,TLOC,TNCL,TNFI,TNM,TNOS,TNPKG,TCLOC,TNDI,WarningBlocker,WarningCritical,WarningMajor,WarningMinor,WarningInfo
Yellowbrick,3.5979899497487438,16.70854271356784,11.346733668341708,20.407035175879397,20.306532663316585,31.753768844221106,170.33856458664073,2.210553826592334,757.7790516163192,42.098836200906646,0.05677952152888027,70.46230931474241,2.30122531372767,49,178,549.3333129882812,110,3429,2110,0.0839228555560112,0.05878911167383194,0.07123122364282608,0.21870748698711395,0.15449091792106628,2.4483635425567627,35891,48139,197,185,1501,9305,31,21204,35,0,0,0,0,0
