Name,h1,h2,N1,N2,vocabulary,length,volume,difficulty,effort,time,bugs,MI,CC,CCL,CCO,CEE,CI,LDC,LLDC,CLLC,CLC,NCR,CR,CEG,TLLOC,TLOC,TNCL,TNFI,TNM,TNOS,TNPKG,TCLOC,TNDI,WarningBlocker,WarningCritical,WarningMajor,WarningMinor,WarningInfo
Yellowbrick,2.2452830188679247,10.437106918238994,7.091194968553459,12.751572327044025,12.682389937106919,19.842767295597483,106.5106111721431,1.3801893443140707,474.12273984794814,26.340152213774914,0.03550353705738106,81.61426274407638,2.11435158173131,49,178,399.5151672363281,110,3429,2110,0.05651230737566948,0.06833399832248688,0.15905998647212982,0.10800562798976898,1.8028278350830078,37337,50180,197,318,1584,9863,150,21276,153,0,1603,801,2982,0
