h1,h2,N1,N2,vocabulary,length,volume,difficulty,effort,time,bugs,MI,CC
4.912832929782082,23.544794188861985,16.602905569007262,31.113801452784504,28.45762711864407,47.71670702179177,300.057378331801,3.1587426181156153,2735.6737909562294,151.9818772753461,0.10001912611060042,75.52530932880202,2.741801453469701
