h1,h2,N1,N2,vocabulary,length,volume,difficulty,effort,time,bugs,MI,CC
6.466049382716049,31.09259259259259,21.90432098765432,41.02777777777778,37.55864197530864,62.9320987654321,396.48177028107506,4.155306589771555,3633.2802270353773,201.84890150196534,0.13216059009369185,67.69674236334174,2.7250640153052497
