Name,h1,h2,N1,N2,vocabulary,length,volume,difficulty,effort,time,bugs,MI,CC,CCL,CCO,CEE,CI,LDC,LLDC,CC,CLLC,CLC,NCR,CR,CEG,TLLOC,TLOC,TNCL,TNFI,TNM,TNOS,TNPKG,TCLOC,TNDI,WarningBlocker,WarningCritical,WarningMajor,WarningMinor,WarningInfo
facenet,4.945205479452055,32.082191780821915,21.794520547945204,41.93150684931507,37.02739726027397,63.726027397260275,412.46301021246967,3.1895087491847334,3394.6605632771443,188.59225351539692,0.1374876700708233,71.93558671722364,3.1814710135774726,11,45,2058.33349609375,25,654,587,0.09166601300239563,0.0880984514951706,0.06711133569478989,0.3333333432674408,0.16218921542167664,2.1254544258117676,6663,9745,15,68,287,4340,8,2164,11,0,0,0,0,0
