Name,h1,h2,N1,N2,vocabulary,length,volume,difficulty,effort,time,bugs,MI,CC,CCL,CCO,CEE,CI,LDC,LLDC,CLLC,CLC,NCR,CR,CEG,TLLOC,TLOC,TNCL,TNFI,TNM,TNOS,TNPKG,TCLOC,TNDI,WarningBlocker,WarningCritical,WarningMajor,WarningMinor,WarningInfo
facenet,4.688311688311688,30.415584415584416,20.662337662337663,39.753246753246756,35.103896103896105,60.41558441558441,391.0363603313024,3.0238199829933188,3218.31455999002,178.79525333277888,0.13034545344376755,73.3934783163289,3.172850001786616,11,45,1764.2857666015625,25,654,587,0.0832742229104042,0.06300578266382217,0.2857142984867096,0.13140669465065002,1.7576501369476318,7049,10380,20,77,312,4558,12,2305,15,0,656,240,2093,0
