Name,h1,h2,N1,N2,vocabulary,length,volume,difficulty,effort,time,bugs,MI,CC,CCL,CCO,CEE,CI,LDC,LLDC,CC,CLLC,CLC,NCR,CR,CEG,TLLOC,TLOC,TNCL,TNFI,TNM,TNOS,TNPKG,TCLOC,TNDI,WarningBlocker,WarningCritical,WarningMajor,WarningMinor,WarningInfo
Mycroft,3.497816593886463,18.812227074235807,12.580786026200874,23.5764192139738,22.310043668122272,36.157205240174676,231.0084961372303,2.047434987937871,2072.0681470407562,115.11489705781985,0.07700283204574353,75.85848529383753,2.5802314644916224,5,22,21.80000114440918,10,240,166,0.00582081126049161,0.00603066198527813,0.006549860816448927,0.2199999988079071,0.011480055749416351,0.3724963665008545,27526,36642,329,218,2268,13063,54,10348,58,0,0,0,0,0
