Name,h1,h2,N1,N2,vocabulary,length,volume,difficulty,effort,time,bugs,MI,CC,CCL,CCO,CEE,CI,LDC,LLDC,CLLC,CLC,NCR,CR,CEG,TLLOC,TLOC,TNCL,TNFI,TNM,TNOS,TNPKG,TCLOC,TNDI,WarningBlocker,WarningCritical,WarningMajor,WarningMinor,WarningInfo
Mycroft,2.4183673469387754,13.374149659863946,8.982993197278912,16.843537414965986,15.79251700680272,25.8265306122449,166.32267387359616,1.4166882581431604,1531.100371358553,85.06113174214187,0.055440891291198814,82.90886514857715,2.7431688237209535,3,8,3.625,6,138,88,0.00338175380602479,0.004009297117590904,0.0625,0.0008838674984872341,0.06863100826740265,26022,34420,285,293,2115,12480,121,9330,124,0,618,610,934,0
