Name,h1,h2,N1,N2,vocabulary,length,volume,difficulty,effort,time,bugs,MI,CC,CCL,CCO,CEE,CI,LDC,LLDC,CLLC,CLC,NCR,CR,CEG,TLLOC,TLOC,TNCL,TNFI,TNM,TNOS,TNPKG,TCLOC,TNDI,WarningBlocker,WarningCritical,WarningMajor,WarningMinor,WarningInfo
GPTDiscord,4.642857142857143,35.357142857142854,24.69047619047619,44.476190476190474,40.0,69.16666666666667,469.69747819467784,2.847792435117849,3795.4234994656804,210.85686108142676,0.15656582606489267,59.569914180952914,3.2697332407561555,12,115,206.75,29,695,583,0.04615993797779083,0.046225473284721375,0.3333333432674408,0.19334916770458221,3.6249475479125977,12630,15035,80,42,558,4404,8,973,11,0,49,168,662,0
