Name,h1,h2,N1,N2,vocabulary,length,volume,difficulty,effort,time,bugs,MI,CC,CCL,CCO,CEE,CI,LDC,LLDC,CC,CLLC,CLC,NCR,CR,CEG,TLLOC,TLOC,TNCL,TNFI,TNM,TNOS,TNPKG,TCLOC,TNDI,WarningBlocker,WarningCritical,WarningMajor,WarningMinor,WarningInfo
GPTDiscord,5.0,38.07692307692308,26.58974358974359,47.8974358974359,43.07692307692308,74.48717948717949,505.82805344042225,3.0668533916653757,4087.379153270733,227.07661962615188,0.16860935114680747,56.45990757948774,3.25746100363948,12,115,206.75,29,695,583,0.04713616892695427,0.047229424118995667,0.04739821329712868,0.3333333432674408,0.19782890379428864,3.7088582515716553,12344,14663,80,37,549,4314,5,938,9,0,0,0,0,0
