h1,h2,N1,N2,vocabulary,length,volume,difficulty,effort,time,bugs,MI,CC
5.292134831460674,24.662921348314608,17.235955056179776,32.17977528089887,29.95505617977528,49.41573033707865,283.29256928684873,3.409405397208014,1864.271853414121,103.5706585230067,0.09443085642894955,64.91040311142268,2.9732140130196956
