h1,h2,N1,N2,vocabulary,length,volume,difficulty,effort,time,bugs,MI,CC
6.151745068285281,73.17298937784523,55.41122913505311,100.00910470409711,79.3247344461305,155.42033383915023,1270.6111992330925,4.137034214267852,14866.288242206472,825.9049023448036,0.4235370664110301,66.96026450478378,2.6755011684002747
