h1,h2,N1,N2,vocabulary,length,volume,difficulty,effort,time,bugs,MI,CC
5.659722222222222,67.99305555555556,51.477777777777774,92.88472222222222,73.65277777777777,144.3625,1182.8697372828785,3.8073988820134934,13878.318108528465,771.0176726960264,0.3942899124276253,69.6309545060283,2.665839627825697
