Name,h1,h2,N1,N2,vocabulary,length,volume,difficulty,effort,time,bugs,MI,CC,CCL,CCO,CEE,CI,LDC,LLDC,CLLC,CLC,NCR,CR,CEG,TLLOC,TLOC,TNCL,TNFI,TNM,TNOS,TNPKG,TCLOC,TNDI,WarningBlocker,WarningCritical,WarningMajor,WarningMinor,WarningInfo
Scrapy,2.7289972899728996,11.208672086720867,7.170731707317073,13.235772357723578,13.937669376693767,20.40650406504065,105.42687747658151,1.599863627432929,486.004849045976,27.00026939144314,0.03514229249219387,72.45711749237937,2.2555212699718536,29,80,155.1666717529297,62,1483,1235,0.025411000475287437,0.0247604101896286,0.08908046036958694,0.00841203611344099,0.16675643622875214,48601,59894,1184,362,4300,20401,60,5000,63,0,1352,1062,2639,0
