Name,h1,h2,N1,N2,vocabulary,length,volume,difficulty,effort,time,bugs,MI,CC,CCL,CCO,CEE,CI,LDC,LLDC,CC,CLLC,CLC,NCR,CR,CEG,TLLOC,TLOC,TNCL,TNFI,TNM,TNOS,TNPKG,TCLOC,TNDI,WarningBlocker,WarningCritical,WarningMajor,WarningMinor,WarningInfo
Scrapy,3.1043478260869564,12.71304347826087,8.09855072463768,14.968115942028986,15.817391304347826,23.066666666666666,118.66371950425517,1.8119719114830382,538.6849048445673,29.926939158031544,0.03955457316808508,68.7594025359702,2.25285509199762,29,80,186.1999969482422,62,1483,1235,0.027280161157250404,0.024592285975813866,0.024122843518853188,0.10689655691385269,0.00976921059191227,0.186905175447464,50219,61477,1181,304,4473,21266,34,5341,38,0,0,0,0,0
