h1,h2,N1,N2,vocabulary,length,volume,difficulty,effort,time,bugs,MI,CC
4.122579466569237,24.9165144318597,19.754110339788088,35.6200219218122,29.039093898428938,55.374132261600295,356.3288308668572,2.8785541830903028,3274.0793108937273,181.89329504965312,0.11877627695561913,69.37261045860078,3.228818072455524
