h1,h2,N1,N2,vocabulary,length,volume,difficulty,effort,time,bugs,MI,CC
4.692179004600585,28.44081974069427,22.523630280217482,40.632998745294856,33.132998745294856,63.15662902551234,406.8451778236682,3.2738306479252843,3736.7821740402387,207.5990096689034,0.1356150592745561,65.2474649287339,3.0896463179215843
