h1,h2,N1,N2,vocabulary,length,volume,difficulty,effort,time,bugs,MI,CC
4.691943127962086,24.981042654028435,18.180094786729857,33.976303317535546,29.672985781990523,52.156398104265406,337.38332171638876,3.0982039297096406,3145.646732305418,174.75815179474546,0.11246110723879633,75.84823879580442,5.3236885671586895
