h1,h2,N1,N2,vocabulary,length,volume,difficulty,effort,time,bugs,MI,CC
3.948,21.056,15.328,28.648,25.004,43.976,284.66877770434616,2.608884116674936,2654.88446915363,147.4935816196461,0.09488959256811547,79.79019444300735,5.566171608005117
