h1,h2,N1,N2,vocabulary,length,volume,difficulty,effort,time,bugs,MI,CC
2.1319444444444446,12.018849206349206,8.286210317460318,15.655753968253968,14.15079365079365,23.941964285714285,141.55172083661492,1.4102443836440433,924.348056214615,51.35266978970082,0.047183906945538145,83.98964602835251,3.2109319400195853
