h1,h2,N1,N2,vocabulary,length,volume,difficulty,effort,time,bugs,MI,CC
2.473869641808573,14.039929536112743,9.692894891368173,18.3206106870229,16.513799177921314,28.013505578391076,165.84659712786495,1.639067981210114,1083.3042857588764,60.183571431048684,0.05528219904262146,81.36624170238187,3.2147395560894627
