h1,h2,N1,N2,vocabulary,length,volume,difficulty,effort,time,bugs,MI,CC
3.50968992248062,21.912790697674417,16.521317829457363,30.78875968992248,25.42248062015504,47.310077519379846,308.241254771109,2.335931278653412,2324.27146502085,129.12619250115822,0.1027470849237029,79.41282384904912,2.629555604199294
