h1,h2,N1,N2,vocabulary,length,volume,difficulty,effort,time,bugs,MI,CC
4.015521064301552,25.070953436807095,18.902439024390244,35.22616407982262,29.086474501108647,54.12860310421286,352.66626931683425,2.6725954318961427,2659.255157318755,147.7363976288196,0.11755542310561129,76.44571420423354,2.6949488947036704
