Name,h1,h2,N1,N2,vocabulary,length,volume,difficulty,effort,time,bugs,MI,CC,CCL,CCO,CEE,CI,LDC,LLDC,CLLC,CLC,NCR,CR,CEG,TLLOC,TLOC,TNCL,TNFI,TNM,TNOS,TNPKG,TCLOC,TNDI,WarningBlocker,WarningCritical,WarningMajor,WarningMinor,WarningInfo
EasyOCR,4.866666666666666,32.95238095238095,24.923809523809524,47.43809523809524,37.819047619047616,72.36190476190477,487.6635354683808,3.5447475545491938,4848.058588628873,269.33658825715963,0.1625545118227936,70.95318952731769,3.9625471310541225,23,201,1151.0833740234375,52,1567,1372,0.11933548003435135,0.11091449856758118,0.23550724983215332,1.0640021562576294,14.981902122497559,11497,14128,116,104,542,6295,37,1775,40,0,450,301,1996,0
