Name,h1,h2,N1,N2,vocabulary,length,volume,difficulty,effort,time,bugs,MI,CC,CCL,CCO,CEE,CI,LDC,LLDC,CC,CLLC,CLC,NCR,CR,CEG,TLLOC,TLOC,TNCL,TNFI,TNM,TNOS,TNPKG,TCLOC,TNDI,WarningBlocker,WarningCritical,WarningMajor,WarningMinor,WarningInfo
Fairseq,6.51192842942346,30.887673956262425,23.809145129224653,43.94333996023857,37.39960238568588,67.75248508946322,427.36623490041103,4.482920685356368,4521.928396268149,251.21824423711905,0.14245541163347025,65.31341520374933,3.528860880799906,145,1185,34024.58984375,339,8994,7808,0.06716696172952652,0.06314802169799805,0.059284161776304245,0.31047919392585754,0.34354135394096375,3.291064739227295,123646,151710,1156,721,6423,50918,107,17954,111,0,0,0,0,0
