Name,h1,h2,N1,N2,vocabulary,length,volume,difficulty,effort,time,bugs,MI,CC,CCL,CCO,CEE,CI,LDC,LLDC,CLLC,CLC,NCR,CR,CEG,TLLOC,TLOC,TNCL,TNFI,TNM,TNOS,TNPKG,TCLOC,TNDI,WarningBlocker,WarningCritical,WarningMajor,WarningMinor,WarningInfo
Fairseq,5.2793755135579294,25.221035332785537,19.48644207066557,35.9695973705834,30.500410846343467,55.456039441248976,350.57381229750547,3.6487565161558737,3725.3495665471432,206.96386480817435,0.11685793743250172,71.77311875649264,3.537567504479806,163,1358,40747.96484375,378,10262,8902,0.05794139578938484,0.05413389578461647,0.27470842003822327,0.28260254859924316,2.6616251468658447,153638,189567,1452,1216,8000,65760,353,21283,356,0,5055,3048,8787,0
