Name,h1,h2,N1,N2,vocabulary,length,volume,difficulty,effort,time,bugs,MI,CC,CCL,CCO,CEE,CI,LDC,LLDC,CC,CLLC,CLC,NCR,CR,CEG,TLLOC,TLOC,TNCL,TNFI,TNM,TNOS,TNPKG,TCLOC,TNDI,WarningBlocker,WarningCritical,WarningMajor,WarningMinor,WarningInfo
Google Flax,5.199261992619927,26.981549815498155,20.461254612546124,37.35793357933579,32.18081180811808,57.81918819188192,357.5003386455516,3.512217035210022,3095.3020629941484,171.96122572189725,0.11916677954851723,69.29128447096514,2.5662544616942102,9,64,224.5,18,594,414,0.026161499321460724,0.018415551632642746,0.020925071090459824,0.4583333432674408,0.04935278743505478,0.9115728139877319,22481,28387,267,88,1339,6743,13,10144,17,0,0,0,0,0
