Name,h1,h2,N1,N2,vocabulary,length,volume,difficulty,effort,time,bugs,MI,CC,CCL,CCO,CEE,CI,LDC,LLDC,CLLC,CLC,NCR,CR,CEG,TLLOC,TLOC,TNCL,TNFI,TNM,TNOS,TNPKG,TCLOC,TNDI,WarningBlocker,WarningCritical,WarningMajor,WarningMinor,WarningInfo
Google Flax,4.27355623100304,22.221884498480243,16.86018237082067,30.778115501519757,26.49544072948328,47.638297872340424,294.7382476641164,2.8891433138086677,2552.325243398654,141.7958468554809,0.09824608255470546,74.79765483415626,3.05339996773345,45,263,3062.9091796875,108,2977,2324,0.04605536907911301,0.04510195925831795,0.4508417546749115,0.227261021733284,2.830408811569214,50461,66006,901,312,3357,18421,72,16349,75,0,608,25353,4465,0
