h1,h2,N1,N2,vocabulary,length,volume,difficulty,effort,time,bugs,MI,CC
2.99644128113879,11.153024911032029,6.98932384341637,13.227758007117437,14.149466192170818,20.21708185053381,101.63773452306614,1.7563837355301775,557.0932538492856,30.949625213849163,0.03387924484102207,66.31196816707917,2.3386640313084603
