h1,h2,N1,N2,vocabulary,length,volume,difficulty,effort,time,bugs,MI,CC
1.6894273127753303,5.97136563876652,3.6806167400881056,6.958149779735683,7.6607929515418505,10.638766519823788,50.49610361474836,0.982994152215597,211.17612617638935,11.732007009799421,0.016832034538249448,80.31094130748976,2.4053691824922643
