Name,h1,h2,N1,N2,vocabulary,length,volume,difficulty,effort,time,bugs,MI,CC,CCL,CCO,CEE,CI,LDC,LLDC,CLLC,CLC,NCR,CR,CEG,TLLOC,TLOC,TNCL,TNFI,TNM,TNOS,TNPKG,TCLOC,TNDI,WarningBlocker,WarningCritical,WarningMajor,WarningMinor,WarningInfo
ONNX,0.5071449402158064,2.909886264216973,2.3400408282298044,4.194808982210557,3.4170312044327793,6.534849810440361,41.846748550029865,0.36135887157102276,406.8941374131443,22.605229856285767,0.013948916183343313,96.87942669660332,2.556524754595784,166,608,949.7000122070312,404,10583,9646,0.1307435780763626,0.11722029745578766,0.10583764314651489,0.13267435133457184,1.9348739385604858,73778,90283,613,3429,3077,23266,2932,7737,2935,0,3424,282,5929,0
