Name,h1,h2,N1,N2,vocabulary,length,volume,difficulty,effort,time,bugs,MI,CC,CCL,CCO,CEE,CI,LDC,LLDC,CC,CLLC,CLC,NCR,CR,CEG,TLLOC,TLOC,TNCL,TNFI,TNM,TNOS,TNPKG,TCLOC,TNDI,WarningBlocker,WarningCritical,WarningMajor,WarningMinor,WarningInfo
ONNX,3.4296724470134876,19.61078998073218,15.71290944123314,28.192678227360307,23.040462427745666,43.90558766859345,280.8170901631336,2.43450075617749,2717.8805369566444,150.99336316425786,0.09360569672104467,78.86932585593595,3.2112856765494215,128,508,1152.780029296875,316,7960,7281,0.14802974462509155,0.1583617925643921,0.14148344099521637,0.1609114557504654,0.2803298830986023,3.9742543697357178,45977,56261,534,474,1669,15609,22,6551,26,0,0,0,0,0
