Name,h1,h2,N1,N2,vocabulary,length,volume,difficulty,effort,time,bugs,MI,CC,CCL,CCO,CEE,CI,LDC,LLDC,CC,CLLC,CLC,NCR,CR,CEG,TLLOC,TLOC,TNCL,TNFI,TNM,TNOS,TNPKG,TCLOC,TNDI,WarningBlocker,WarningCritical,WarningMajor,WarningMinor,WarningInfo
Causal ML,5.638888888888889,46.56944444444444,34.138888888888886,66.98611111111111,52.208333333333336,101.125,703.2410316082495,4.0230199022324005,6229.360033525883,346.0755574181046,0.23441367720274986,69.830088414974,3.3246713753149364,30,234,1146.0,90,1578,1224,0.126668781042099,0.08991405367851257,0.09790296852588654,0.2142857313156128,0.33503690361976624,4.752738952636719,13613,16118,56,70,434,4418,14,4229,18,0,0,0,0,0
