Name,h1,h2,N1,N2,vocabulary,length,volume,difficulty,effort,time,bugs,MI,CC,CCL,CCO,CEE,CI,LDC,LLDC,CLLC,CLC,NCR,CR,CEG,TLLOC,TLOC,TNCL,TNFI,TNM,TNOS,TNPKG,TCLOC,TNDI,WarningBlocker,WarningCritical,WarningMajor,WarningMinor,WarningInfo
Causal ML,5.075,41.9125,30.725,60.2875,46.9875,91.0125,632.9169284474245,3.62071791200916,5606.424030173295,311.4680016762942,0.21097230948247486,72.84707957347659,3.296522419601623,30,234,802.2000122070312,90,1578,1224,0.08990084379911423,0.09631935507059097,0.15000000596046448,0.23449137806892395,3.5050511360168457,13615,16383,56,80,434,4418,22,4387,25,0,77,460,2907,0
