Name,h1,h2,N1,N2,vocabulary,length,volume,difficulty,effort,time,bugs,MI,CC,CCL,CCO,CEE,CI,LDC,LLDC,CLLC,CLC,NCR,CR,CEG,TLLOC,TLOC,TNCL,TNFI,TNM,TNOS,TNPKG,TCLOC,TNDI,WarningBlocker,WarningCritical,WarningMajor,WarningMinor,WarningInfo
Transformers,6.231448185681595,51.35632559660019,46.40372670807454,81.88166067342269,57.58777378228179,128.28538738149723,937.7979838187854,4.7798156111884795,12474.980316050709,693.0544620028113,0.31259932793959516,64.18519726814957,4.196742421474634,4391,94831,2844476.0,19238,353572,272225,0.2711855471134186,0.2780430018901825,0.31172722578048706,13.024434089660645,70.46231079101562,1003833,1271645,11585,3050,45298,395313,736,236770,739,0,36038,21123,113238,0
