Name,h1,h2,N1,N2,vocabulary,length,volume,difficulty,effort,time,bugs,MI,CC,CCL,CCO,CEE,CI,LDC,LLDC,CC,CLLC,CLC,NCR,CR,CEG,TLLOC,TLOC,TNCL,TNFI,TNM,TNOS,TNPKG,TCLOC,TNDI,WarningBlocker,WarningCritical,WarningMajor,WarningMinor,WarningInfo
Transformers,6.735849056603773,55.20510132774284,49.91684136967156,87.80048916841369,61.940950384346614,137.71733053808526,1003.1825704984972,5.143645497786817,13303.608656250972,739.0893697917161,0.3343941901661648,60.019576887516486,4.15397932592794,1032,10187,1500739.125,4487,80462,68553,0.2792325019836426,0.30138882994651794,0.2691757082939148,0.6657493114471436,9.209275245666504,57.00260925292969,227457,298920,1906,910,15189,111755,255,24694,259,0,0,0,0,0
