Name,h1,h2,N1,N2,vocabulary,length,volume,difficulty,effort,time,bugs,MI,CC,CCL,CCO,CEE,CI,LDC,LLDC,CC,CLLC,CLC,NCR,CR,CEG,TLLOC,TLOC,TNCL,TNFI,TNM,TNOS,TNPKG,TCLOC,TNDI,WarningBlocker,WarningCritical,WarningMajor,WarningMinor,WarningInfo
Statsmodels,5.785291631445477,81.85207100591715,75.15384615384616,113.7185122569738,87.63736263736264,188.87235841081994,1632.3514687088707,4.138552633696376,12022.127228902824,667.8959571612684,0.5441171562362902,65.05840295428855,2.2142018565511985,301,1562,7065.984375,837,19180,14127,0.05348377674818039,0.04590995982289314,0.050265610218048096,0.1149134412407875,0.07401715964078903,0.8351014256477356,307711,381573,2105,944,11767,108656,168,113986,172,0,0,0,0,0
