Name,h1,h2,N1,N2,vocabulary,length,volume,difficulty,effort,time,bugs,MI,CC,CCL,CCO,CEE,CI,LDC,LLDC,CLLC,CLC,NCR,CR,CEG,TLLOC,TLOC,TNCL,TNFI,TNM,TNOS,TNPKG,TCLOC,TNDI,WarningBlocker,WarningCritical,WarningMajor,WarningMinor,WarningInfo
Statsmodels,5.523809523809524,78.15254237288136,71.75706214689265,108.57869249394673,83.67635189669087,180.33575464083938,1558.5728712531027,3.9514994073146195,11478.754246805522,637.7085692669738,0.5195242904177008,66.63768417669358,2.2085906521948258,316,1592,6241.1865234375,861,20006,14781,0.04539340361952782,0.04805830493569374,0.1022481694817543,0.059693433344364166,0.6830645799636841,325620,416286,2168,1236,12087,110890,225,126164,228,0,4398,8648,21352,0
