Name,h1,h2,N1,N2,vocabulary,length,volume,difficulty,effort,time,bugs,MI,CC,CCL,CCO,CEE,CI,LDC,LLDC,CLLC,CLC,NCR,CR,CEG,TLLOC,TLOC,TNCL,TNFI,TNM,TNOS,TNPKG,TCLOC,TNDI,WarningBlocker,WarningCritical,WarningMajor,WarningMinor,WarningInfo
Pyro,5.837555886736214,38.75558867362146,30.94634873323398,55.05812220566319,44.59314456035767,86.00447093889717,570.1938899902782,3.9924338927373,4876.397421389966,270.9109678549981,0.19006462999675974,67.86127307934171,2.8925169386007847,60,313,449.5833435058594,124,3943,3515,0.033813681453466415,0.03056683950126171,0.20000000298023224,0.046078961342573166,0.754349410533905,103952,128996,721,667,6130,43901,106,26470,109,0,12068,2421,7832,0
