Name,h1,h2,N1,N2,vocabulary,length,volume,difficulty,effort,time,bugs,MI,CC,CCL,CCO,CEE,CI,LDC,LLDC,CC,CLLC,CLC,NCR,CR,CEG,TLLOC,TLOC,TNCL,TNFI,TNM,TNOS,TNPKG,TCLOC,TNDI,WarningBlocker,WarningCritical,WarningMajor,WarningMinor,WarningInfo
Pyro,6.280701754385965,41.67145135566188,33.25518341307815,59.16267942583732,47.952153110047846,92.41786283891547,612.6996073552413,4.292368475149315,5241.529072355583,291.1960595753101,0.20423320245174742,65.39996012316134,2.8968094251549013,38,191,355.8888854980469,80,2829,2475,0.02762068249285221,0.026580892503261566,0.02466541714966297,0.2017543911933899,0.04369886592030525,0.7438451051712036,93112,114695,693,546,5485,38586,61,25071,65,0,0,0,0,0
