h1,h2,N1,N2,vocabulary,length,volume,difficulty,effort,time,bugs,MI,CC
6.265193370165746,43.56353591160221,30.983425414364643,58.20441988950276,49.828729281767956,89.1878453038674,630.910634579068,4.042723423101636,6571.768207838705,365.0982337688168,0.21030354485968955,56.40223467863238,3.2882528062119674
