h1,h2,N1,N2,vocabulary,length,volume,difficulty,effort,time,bugs,MI,CC
4.333333333333333,30.18773946360153,21.471264367816094,40.337164750957854,34.52107279693487,61.808429118773944,437.4562067866251,2.797188785113906,4557.389533237757,253.18830740209748,0.14581873559554184,69.86371526975947,3.1981231230991263
