Name,h1,h2,N1,N2,vocabulary,length,volume,difficulty,effort,time,bugs,MI,CC,CCL,CCO,CEE,CI,LDC,LLDC,CLLC,CLC,NCR,CR,CEG,TLLOC,TLOC,TNCL,TNFI,TNM,TNOS,TNPKG,TCLOC,TNDI,WarningBlocker,WarningCritical,WarningMajor,WarningMinor,WarningInfo
CatBoost,1.7673254620123204,17.382161190965093,14.407392197125256,26.279517453798768,19.149486652977412,40.68690965092402,317.48236369812463,1.2761343026740632,4268.967052223637,237.1648362346525,0.10582745456604073,88.95554337688846,2.808549072794965,68,835,3082.65380859375,179,5702,4899,0.09918610006570816,0.08904505521059036,0.08559120446443558,1.7359497547149658,21.278594970703125,49392,64035,200,4352,2489,20577,4175,5824,4178,0,641,1216,8203,0
