h1,h2,N1,N2,vocabulary,length,volume,difficulty,effort,time,bugs,MI,CC
2.193842645381984,16.789053591790193,11.538198403648803,21.96237172177879,18.982896237172177,33.50057012542759,215.41218101580833,1.4214996487149014,1399.512038505234,77.7506688058464,0.07180406033860279,78.88665806627543,4.6233747948755175
