h1,h2,N1,N2,vocabulary,length,volume,difficulty,effort,time,bugs,MI,CC
2.356801909307876,17.785202863961814,12.225536992840096,23.26491646778043,20.14200477326969,35.49045346062052,227.8034170646772,1.5271664061255663,1481.0675008941844,82.28152782745478,0.07593447235489245,77.47117008868489,4.2492368521092025
