Name,h1,h2,N1,N2,vocabulary,length,volume,difficulty,effort,time,bugs,MI,CC,CCL,CCO,CEE,CEG,CI,LDC,LLDC,CC,CLLC,CLC,NCR,CR,TLLOC,TLOC,TNCL,TNFI,TNM,TNOS,TNPKG,TCLOC,TNDI,WarningBlocker,WarningCritical,WarningMajor,WarningMinor,WarningInfo
FastAI,6.652631578947369,41.04210526315789,28.789473684210527,53.6,47.694736842105264,82.38947368421053,568.0574376417034,4.2170151291083835,6176.04432843998,343.1135738022211,0.1893524792139013,65.9066330502641,2.3509801188784594,0,0,0.0,__INVALID__,0,0,0,0.0,0.0,0.0,__INVALID__,0.0,14428,17517,270,77,1647,6250,9,3024,13,0,0,0,0,0
