h1,h2,N1,N2,vocabulary,length,volume,difficulty,effort,time,bugs,MI,CC
6.124793388429752,90.76611570247934,78.57190082644628,139.499173553719,96.89090909090909,218.0710743801653,1886.291390258081,4.576573322320537,26204.51344326928,1455.8063024038477,0.6287637967526946,66.46806823952089,2.3986417018785557
