h1,h2,N1,N2,vocabulary,length,volume,difficulty,effort,time,bugs,MI,CC
7.568825910931174,111.87753036437248,96.77327935222672,171.81983805668017,119.44635627530364,268.5931174089069,2323.426537186615,5.645497041511684,32274.329233764565,1793.018290764696,0.7744755123955394,58.24322675139408,2.3978742365342525
