h1,h2,N1,N2,vocabulary,length,volume,difficulty,effort,time,bugs,MI,CC
5.252293577981652,29.34862385321101,22.704128440366972,42.16284403669725,34.60091743119266,64.86697247706422,432.500849648263,3.6370025732502187,4652.878735285526,258.49326307141826,0.14416694988275425,70.88695148929584,3.198951031939487
