h1,h2,N1,N2,vocabulary,length,volume,difficulty,effort,time,bugs,MI,CC
4.291984732824427,24.14885496183206,18.72328244274809,34.75954198473283,28.44083969465649,53.482824427480914,357.63722571164584,2.9802524544012585,3864.6289579823724,214.7016087767985,0.11921240857054853,76.38781605220464,3.1995713951470597
