Name,h1,h2,N1,N2,vocabulary,length,volume,difficulty,effort,time,bugs,MI,CC,CCL,CCO,CEE,CI,LDC,LLDC,CLLC,CLC,NCR,CR,CEG,TLLOC,TLOC,TNCL,TNFI,TNM,TNOS,TNPKG,TCLOC,TNDI,WarningBlocker,WarningCritical,WarningMajor,WarningMinor,WarningInfo
Pandas,5.007551919446192,45.15921963499056,33.583385777218375,61.6979232221523,50.16677155443675,95.28130899937068,683.2392407204193,3.419751097740376,6638.8437293030365,368.824651627945,0.22774641357347286,61.49117823521468,2.7166224454238317,159,557,1551.1334228515625,341,10863,7830,0.017806218937039375,0.01960320770740509,0.0870719850063324,0.010885217227041721,0.1481637805700302,439734,554144,2063,1516,27076,186063,254,94470,257,0,16787,13010,21488,0
