Name,h1,h2,N1,N2,vocabulary,length,volume,difficulty,effort,time,bugs,MI,CC,CCL,CCO,CEE,CI,LDC,LLDC,CC,CLLC,CLC,NCR,CR,CEG,TLLOC,TLOC,TNCL,TNFI,TNM,TNOS,TNPKG,TCLOC,TNDI,WarningBlocker,WarningCritical,WarningMajor,WarningMinor,WarningInfo
Pandas,5.374413931681179,48.30542531815137,35.90221031480241,65.97119892833221,53.679839249832554,101.87340924313463,730.079146664033,3.6675592250776985,7094.521220516223,394.1400678064554,0.2433597155546776,58.691091834050205,2.7358822260137656,161,564,2565.333251953125,346,11200,7785,0.016546081751585007,0.017846785485744476,0.0204270351678133,0.14814814925193787,0.01892169378697872,0.2410450279712677,436213,548293,1664,1351,25634,183987,153,95300,157,0,0,0,0,0
