h1,h2,N1,N2,vocabulary,length,volume,difficulty,effort,time,bugs,MI,CC
5.295429208472687,27.633221850613154,19.44593088071349,36.7469342251951,32.928651059085844,56.19286510590858,346.67138256894475,3.520675358158546,2810.5330960183783,156.14072755657708,0.11555712752298143,68.37549012300003,2.972640354541999
