h1,h2,N1,N2,vocabulary,length,volume,difficulty,effort,time,bugs,MI,CC
3.984873949579832,20.816806722689076,14.650420168067226,27.68487394957983,24.80168067226891,42.33529411764706,261.22695036189816,2.650006163638449,2118.1885454251433,117.6771414125083,0.08707565012063263,76.19124675533962,2.9560389561693814
