Name,h1,h2,N1,N2,vocabulary,length,volume,difficulty,effort,time,bugs,MI,CC,CCL,CCO,CEE,CI,LDC,LLDC,CC,CLLC,CLC,NCR,CR,CEG,TLLOC,TLOC,TNCL,TNFI,TNM,TNOS,TNPKG,TCLOC,TNDI,WarningBlocker,WarningCritical,WarningMajor,WarningMinor,WarningInfo
FiftyOne,6.0121580547112465,53.224924012158056,38.83282674772037,73.04255319148936,59.2370820668693,111.87537993920972,833.7433916108884,4.016528750921143,8881.246640676463,493.40259114869275,0.2779144638702957,61.4840592199622,2.976268051088575,128,1093,26999.771484375,379,7342,4708,0.050996724516153336,0.03511546179652214,0.045449480414390564,0.20359086990356445,0.21509629487991333,2.107734203338623,134072,161542,1038,221,6700,42913,24,51552,28,0,0,0,0,0
