Name,h1,h2,N1,N2,vocabulary,length,volume,difficulty,effort,time,bugs,MI,CC,CCL,CCO,CEE,CI,LDC,LLDC,CLLC,CLC,NCR,CR,CEG,TLLOC,TLOC,TNCL,TNFI,TNM,TNOS,TNPKG,TCLOC,TNDI,WarningBlocker,WarningCritical,WarningMajor,WarningMinor,WarningInfo
FiftyOne,3.1152,27.7824,20.2928,38.2192,30.8976,58.512,437.16888301370193,2.0914254109702166,4675.726804320396,259.7626002400219,0.14572296100456708,79.94294020189413,3.0167571141697644,272,1555,13668.1435546875,717,16622,12233,0.07307559251785278,0.08072105795145035,0.07008003443479538,0.08390869945287704,0.8811098337173462,167402,205919,1167,624,7776,59966,325,53378,328,0,4544,2858,4156,0
