h1,h2,N1,N2,vocabulary,length,volume,difficulty,effort,time,bugs,MI,CC
12.222222222222221,305.3333333333333,216.11111111111111,392.0,317.55555555555554,608.1111111111111,5673.9727161763985,8.179733315626207,74963.55800058736,4164.642111143742,1.8913242387254665,39.363025197652505,2.837005985938057
