h1,h2,N1,N2,vocabulary,length,volume,difficulty,effort,time,bugs,MI,CC
1.5492957746478873,38.70422535211268,27.3943661971831,49.690140845070424,40.25352112676056,77.08450704225352,719.2359781068674,1.0368676033892374,9502.422845144878,527.9123802858265,0.2397453260356225,92.31362291237849,1.7014231100692259
