Name,h1,h2,N1,N2,vocabulary,length,volume,difficulty,effort,time,bugs,MI,CC,CCL,CCO,CEE,CI,LDC,LLDC,CLLC,CLC,NCR,CR,CEG,TLLOC,TLOC,TNCL,TNFI,TNM,TNOS,TNPKG,TCLOC,TNDI,WarningBlocker,WarningCritical,WarningMajor,WarningMinor,WarningInfo
Giskard,2.328185328185328,11.768339768339768,7.5482625482625485,14.287644787644787,14.096525096525097,21.835907335907336,119.64990020035066,1.4102611736161195,583.1509159237452,32.39727310687472,0.039883300066783534,78.65074039099895,3.087248348978151,37,150,115.3846206665039,85,2572,1697,0.049391698092222214,0.05914955213665962,0.09251559525728226,0.032501667737960815,0.6844841241836548,34358,43483,286,503,2140,12491,205,5431,208,0,980,620,2927,0
