Name,h1,h2,N1,N2,vocabulary,length,volume,difficulty,effort,time,bugs,MI,CC,CCL,CCO,CEE,CI,LDC,LLDC,CC,CLLC,CLC,NCR,CR,CEG,TLLOC,TLOC,TNCL,TNFI,TNM,TNOS,TNPKG,TCLOC,TNDI,WarningBlocker,WarningCritical,WarningMajor,WarningMinor,WarningInfo
Giskard,3.4273743016759775,17.053072625698324,10.94413407821229,20.717877094972067,20.480446927374302,31.662011173184357,172.50683188577813,2.0776675030962504,835.5751106780042,46.42083948211131,0.05750227729525934,68.52212047264206,2.7733089714272636,11,52,44.77777862548828,25,1186,611,0.01894816942512989,0.02426818199455738,0.03761139139533043,0.1111111119389534,0.02984205260872841,0.784947395324707,25177,31533,307,229,1598,8174,47,5042,51,0,0,0,0,0
