h1,h2,N1,N2,vocabulary,length,volume,difficulty,effort,time,bugs,MI,CC
6.8746438746438745,48.02564102564103,35.56125356125356,65.43304843304843,54.9002849002849,100.99430199430199,725.0087715134403,4.605454292577012,7770.16892967262,431.67605164847885,0.24166959050447995,62.1045104401421,3.3036377291006547
