h1,h2,N1,N2,vocabulary,length,volume,difficulty,effort,time,bugs,MI,CC
5.337028824833703,37.33259423503326,27.647450110864746,50.87361419068736,42.669623059866964,78.5210643015521,563.9114110181054,3.5767135033877264,6046.322669696381,335.9068149831323,0.1879704703393683,70.6319138596719,4.017551323880581
