h1,h2,N1,N2,vocabulary,length,volume,difficulty,effort,time,bugs,MI,CC
4.438202247191011,36.73033707865169,27.775280898876403,52.46067415730337,41.168539325842694,80.23595505617978,586.6776309175153,3.031384082454526,6584.384880699003,365.7991600388335,0.19555921030583842,77.24046054537395,4.4563913885412605
