h1,h2,N1,N2,vocabulary,length,volume,difficulty,effort,time,bugs,MI,CC
6.583333333333333,54.483333333333334,41.2,77.81666666666666,61.06666666666667,119.01666666666667,870.238485860981,4.49655305564088,9766.837573036853,542.6020873909364,0.29007949528699367,66.240016475638,5.728149925936401
