Name,h1,h2,N1,N2,vocabulary,length,volume,difficulty,effort,time,bugs,MI,CC,CCL,CCO,CEE,CI,LDC,LLDC,CC,CLLC,CLC,NCR,CR,CEG,TLLOC,TLOC,TNCL,TNFI,TNM,TNOS,TNPKG,TCLOC,TNDI,WarningBlocker,WarningCritical,WarningMajor,WarningMinor,WarningInfo
Keras,5.088467614533966,29.68088467614534,23.137440758293838,41.76303317535545,34.76935229067931,64.9004739336493,421.0888798564778,3.4864935973506532,3895.135580494788,216.39642113859935,0.14036295995215933,64.1374978306142,2.2982774435244715,196,1419,7592.2236328125,494,12401,9973,0.07593189179897308,0.06934651732444763,0.07357635349035263,0.23118267953395844,0.20819053053855896,2.3296658992767334,143814,168546,1106,597,8384,53082,50,34096,54,0,0,0,0,0
