Name,h1,h2,N1,N2,vocabulary,length,volume,difficulty,effort,time,bugs,MI,CC,CCL,CCO,CEE,CI,LDC,LLDC,CLLC,CLC,NCR,CR,CEG,TLLOC,TLOC,TNCL,TNFI,TNM,TNOS,TNPKG,TCLOC,TNDI,WarningBlocker,WarningCritical,WarningMajor,WarningMinor,WarningInfo
Keras,5.009360374414976,29.443057722308893,22.945397815912635,41.40561622464899,34.45241809672387,64.35101404056162,418.34216326308194,3.4330766176663388,3867.5085143993865,214.86158413329926,0.13944738775436072,64.9182075524089,2.2924491797402764,204,1425,7765.7236328125,511,12912,10350,0.06820158660411835,0.07214415073394775,0.2288568913936615,0.1943693310022354,2.1695716381073,151756,178975,1184,641,8708,54818,56,35002,59,0,4036,2194,8072,0
