h1,h2,N1,N2,vocabulary,length,volume,difficulty,effort,time,bugs,MI,CC
6.0121580547112465,53.224924012158056,38.83282674772037,73.04255319148936,59.2370820668693,111.87537993920972,833.7433916108884,4.016528750921143,8881.246640676463,493.40259114869275,0.2779144638702957,61.4840592199622,2.976268051088575
