h1,h2,N1,N2,vocabulary,length,volume,difficulty,effort,time,bugs,MI,CC
3.1152,27.7824,20.2928,38.2192,30.8976,58.512,437.16888301370193,2.0914254109702166,4675.726804320396,259.7626002400219,0.14572296100456708,79.94294020189413,3.0167571141697644
