h1,h2,N1,N2,vocabulary,length,volume,difficulty,effort,time,bugs,MI,CC
4.688311688311688,30.415584415584416,20.662337662337663,39.753246753246756,35.103896103896105,60.41558441558441,391.0363603313024,3.0238199829933188,3218.31455999002,178.79525333277888,0.13034545344376755,73.3934783163289,3.172850001786616
