h1,h2,N1,N2,vocabulary,length,volume,difficulty,effort,time,bugs,MI,CC
4.945205479452055,32.082191780821915,21.794520547945204,41.93150684931507,37.02739726027397,63.726027397260275,412.46301021246967,3.1895087491847334,3394.6605632771443,188.59225351539692,0.1374876700708233,71.93558671722364,3.1814710135774726
