Name,h1,h2,N1,N2,vocabulary,length,volume,difficulty,effort,time,bugs,MI,CC,CCL,CCO,CEE,CI,LDC,LLDC,CC,CLLC,CLC,NCR,CR,CEG,TLLOC,TLOC,TNCL,TNFI,TNM,TNOS,TNPKG,TCLOC,TNDI,WarningBlocker,WarningCritical,WarningMajor,WarningMinor,WarningInfo
torchvision,6.8746438746438745,48.02564102564103,35.56125356125356,65.43304843304843,54.9002849002849,100.99430199430199,725.0087715134403,4.605454292577012,7770.16892967262,431.67605164847885,0.24166959050447995,62.1045104401421,3.3036377291006547,81,359,1108.70703125,259,6921,4567,0.0680638924241066,0.08473412692546844,0.10601697117090225,0.1497638076543808,0.19073407351970673,2.71984601020813,53898,65282,624,234,2545,17362,25,15006,29,0,0,0,0,0
