Name,h1,h2,N1,N2,vocabulary,length,volume,difficulty,effort,time,bugs,MI,CC,CCL,CCO,CEE,CI,LDC,LLDC,CLLC,CLC,NCR,CR,CEG,TLLOC,TLOC,TNCL,TNFI,TNM,TNOS,TNPKG,TCLOC,TNDI,WarningBlocker,WarningCritical,WarningMajor,WarningMinor,WarningInfo
torchvision,5.337028824833703,37.33259423503326,27.647450110864746,50.87361419068736,42.669623059866964,78.5210643015521,563.9114110181054,3.5767135033877264,6046.322669696381,335.9068149831323,0.1879704703393683,70.6319138596719,4.017551323880581,107,538,1183.647705078125,333,8411,5901,0.0694897472858429,0.0783577561378479,0.09667707234621048,0.10690309852361679,1.510593295097351,84919,107341,979,451,4756,33343,127,19281,130,0,3864,1343,8186,0
