h1,h2,N1,N2,vocabulary,length,volume,difficulty,effort,time,bugs,MI,CC
0.5071449402158064,2.909886264216973,2.3400408282298044,4.194808982210557,3.4170312044327793,6.534849810440361,41.846748550029865,0.36135887157102276,406.8941374131443,22.605229856285767,0.013948916183343313,96.87942669660332,2.556524754595784
