h1,h2,N1,N2,vocabulary,length,volume,difficulty,effort,time,bugs,MI,CC
3.4296724470134876,19.61078998073218,15.71290944123314,28.192678227360307,23.040462427745666,43.90558766859345,280.8170901631336,2.43450075617749,2717.8805369566444,150.99336316425786,0.09360569672104467,78.86932585593595,3.2112856765494215
