h1,h2,N1,N2,vocabulary,length,volume,difficulty,effort,time,bugs,MI,CC
1.2078431372549019,10.058823529411764,7.67843137254902,14.129411764705882,11.266666666666667,21.807843137254903,128.93408336997084,0.8437939529620332,710.7598082345165,39.4866560130287,0.04297802778999028,83.74708543247849,2.170522620692812
