h1,h2,N1,N2,vocabulary,length,volume,difficulty,effort,time,bugs,MI,CC
1.2701612903225807,10.540322580645162,8.056451612903226,14.850806451612904,11.810483870967742,22.907258064516128,135.3833622983447,0.8906521924177586,746.8787795647977,41.493265531377645,0.04512778743278155,83.07471623399488,2.164197021593867
