h1,h2,N1,N2,vocabulary,length,volume,difficulty,effort,time,bugs,MI,CC
5.837555886736214,38.75558867362146,30.94634873323398,55.05812220566319,44.59314456035767,86.00447093889717,570.1938899902782,3.9924338927373,4876.397421389966,270.9109678549981,0.19006462999675974,67.86127307934171,2.8925169386007847
