h1,h2,N1,N2,vocabulary,length,volume,difficulty,effort,time,bugs,MI,CC
6.280701754385965,41.67145135566188,33.25518341307815,59.16267942583732,47.952153110047846,92.41786283891547,612.6996073552413,4.292368475149315,5241.529072355583,291.1960595753101,0.20423320245174742,65.39996012316134,2.8968094251549013
