h1,h2,N1,N2,vocabulary,length,volume,difficulty,effort,time,bugs,MI,CC
3.4273743016759775,17.053072625698324,10.94413407821229,20.717877094972067,20.480446927374302,31.662011173184357,172.50683188577813,2.0776675030962504,835.5751106780042,46.42083948211131,0.05750227729525934,68.52212047264206,2.7733089714272636
