h1,h2,N1,N2,vocabulary,length,volume,difficulty,effort,time,bugs,MI,CC
2.328185328185328,11.768339768339768,7.5482625482625485,14.287644787644787,14.096525096525097,21.835907335907336,119.64990020035066,1.4102611736161195,583.1509159237452,32.39727310687472,0.039883300066783534,78.65074039099895,3.087248348978151
