h1,h2,N1,N2,vocabulary,length,volume,difficulty,effort,time,bugs,MI,CC
5.638888888888889,46.56944444444444,34.138888888888886,66.98611111111111,52.208333333333336,101.125,703.2410316082495,4.0230199022324005,6229.360033525883,346.0755574181046,0.23441367720274986,69.830088414974,3.3246713753149364
