h1,h2,N1,N2,vocabulary,length,volume,difficulty,effort,time,bugs,MI,CC
5.075,41.9125,30.725,60.2875,46.9875,91.0125,632.9169284474245,3.62071791200916,5606.424030173295,311.4680016762942,0.21097230948247486,72.84707957347659,3.296522419601623
