h1,h2,N1,N2,vocabulary,length,volume,difficulty,effort,time,bugs,MI,CC
5.690476190476191,38.035714285714285,27.96031746031746,53.05555555555556,43.726190476190474,81.01587301587301,576.1884778242223,3.8152010654113813,6536.292174026668,363.12734300148145,0.19206282594140764,62.54920413076638,4.148005605641106
