h1,h2,N1,N2,vocabulary,length,volume,difficulty,effort,time,bugs,MI,CC
6.961165048543689,46.529126213592235,34.20388349514563,64.90291262135922,53.49029126213592,99.10679611650485,704.8519243286603,4.6671391673964475,7995.852562401556,444.2140312445307,0.23495064144288702,54.18640505317049,4.053017414132897
