Name,h1,h2,N1,N2,vocabulary,length,volume,difficulty,effort,time,bugs,MI,CC,CCL,CCO,CEE,CI,LDC,LLDC,CC,CLLC,CLC,NCR,CR,CEG,TLLOC,TLOC,TNCL,TNFI,TNM,TNOS,TNPKG,TCLOC,TNDI,WarningBlocker,WarningCritical,WarningMajor,WarningMinor,WarningInfo
Gluonts,4.0951417004048585,20.057692307692307,15.48582995951417,28.309716599190285,24.152834008097166,43.79554655870445,255.63444572935535,2.831752933748406,1817.867917860413,100.992662103356,0.08521148190978507,77.04013467353889,2.3541923391668265,1,4,5.5,2,44,36,0.03127918019890785,0.023017901927232742,0.020843202248215675,0.25,0.02813299186527729,1.650122880935669,1564,2111,8,15,81,473,3,229,7,0,0,0,0,0
