Name,h1,h2,N1,N2,vocabulary,length,volume,difficulty,effort,time,bugs,MI,CC,CCL,CCO,CEE,CI,LDC,LLDC,CLLC,CLC,NCR,CR,CEG,TLLOC,TLOC,TNCL,TNFI,TNM,TNOS,TNPKG,TCLOC,TNDI,WarningBlocker,WarningCritical,WarningMajor,WarningMinor,WarningInfo
Gluonts,3.7386468952734013,18.341983317886932,14.163113994439296,25.89156626506024,22.080630213160333,40.054680259499534,233.89946073335204,2.58581401956891,1664.0390775075236,92.44661541708437,0.07796648691111731,79.0433922719718,2.3622723546492335,135,1034,7374.951171875,355,8426,6863,0.05070445314049721,0.049440812319517136,0.21764609217643738,0.2187310755252838,2.4555459022521973,135353,170426,1278,1075,6011,33617,270,38685,273,0,3502,1795,5525,0
