h1,h2,N1,N2,vocabulary,length,volume,difficulty,effort,time,bugs,MI,CC
3.777275661717237,22.207876049063913,16.502259522272436,31.20271142672692,25.98515171078115,47.70497094899935,309.80987355908417,2.5394481325393796,2712.6974661608233,150.70541478671308,0.1032699578530272,73.87056093369152,3.3670706012483222
