h1,h2,N1,N2,vocabulary,length,volume,difficulty,effort,time,bugs,MI,CC
3.9564343163538873,23.16353887399464,17.205764075067023,32.53083109919571,27.119973190348524,49.73659517426273,322.83966429330104,2.658336862653222,2832.4139705212788,157.3563316956273,0.10761322143109943,72.66931098061985,3.3619145708164293
