Name,h1,h2,N1,N2,vocabulary,length,volume,difficulty,effort,time,bugs,MI,CC,CCL,CCO,CEE,CI,LDC,LLDC,CLLC,CLC,NCR,CR,CEG,TLLOC,TLOC,TNCL,TNFI,TNM,TNOS,TNPKG,TCLOC,TNDI,WarningBlocker,WarningCritical,WarningMajor,WarningMinor,WarningInfo
Kaolin,3.6356877323420074,27.16728624535316,45.60223048327138,61.9368029739777,30.802973977695167,107.53903345724908,477.8597659975701,13.237902592899975,123438.20077434956,6857.6778207971975,0.15928658866585674,76.28251702704412,3.1843828728408137,26,146,279.3571472167969,57,1371,1039,0.029002903029322624,0.03084433823823929,0.11263737082481384,0.03117622807621956,0.5535012483596802,35824,44449,200,269,1761,12825,120,12613,123,0,3590,950,3102,0
