Name,h1,h2,N1,N2,vocabulary,length,volume,difficulty,effort,time,bugs,MI,CC,CCL,CCO,CEE,CI,LDC,LLDC,CC,CLLC,CLC,NCR,CR,CEG,TLLOC,TLOC,TNCL,TNFI,TNM,TNOS,TNPKG,TCLOC,TNDI,WarningBlocker,WarningCritical,WarningMajor,WarningMinor,WarningInfo
Kaolin,5.728323699421965,42.31791907514451,70.98265895953757,96.38150289017341,48.04624277456647,167.364161849711,743.1807922158748,20.621362991272214,191935.77461445105,10663.098589691723,0.24772693073862503,62.0035889488994,3.306220334273036,6,44,300.66668701171875,12,390,181,0.016123520210385323,0.008892163634300232,0.016294129192829132,0.1944444477558136,0.029165644198656082,0.5111352801322937,20355,23935,65,83,732,6055,20,10234,24,0,0,0,0,0
