h1,h2,N1,N2,vocabulary,length,volume,difficulty,effort,time,bugs,MI,CC
2.0273224043715845,9.528688524590164,6.3756830601092895,12.117486338797814,11.556010928961749,18.493169398907103,104.17915828968982,1.2490320375596367,673.5250782230642,37.41805990128136,0.034726386096563304,81.45223472330935,2.3154162043178315
