h1,h2,N1,N2,vocabulary,length,volume,difficulty,effort,time,bugs,MI,CC
3.0173076923076922,13.953846153846154,9.330769230769231,17.713461538461537,16.971153846153847,27.04423076923077,151.39405837341712,1.8590584299859367,967.9782678108058,53.776570433933685,0.050464686124472406,72.57175463866034,2.46984833096059
