Name,h1,h2,N1,N2,vocabulary,length,volume,difficulty,effort,time,bugs,MI,CC,CCL,CCO,CEE,CI,LDC,LLDC,CC,CLLC,CLC,NCR,CR,CEG,TLLOC,TLOC,TNCL,TNFI,TNM,TNOS,TNPKG,TCLOC,TNDI,WarningBlocker,WarningCritical,WarningMajor,WarningMinor,WarningInfo
DIGITS,4.264705882352941,25.205882352941178,18.205882352941178,34.1078431372549,29.470588235294116,52.31372549019608,339.4164610531157,2.8225165844683366,3338.405079793106,185.46694887739469,0.11313882035103856,75.73790483096961,3.4304969312765037,27,388,918.75,55,1820,1523,0.10711711645126343,0.09777863323688507,0.09137463569641113,0.2777777910232544,0.6356574296951294,9.289512634277344,15576,19918,172,148,966,7037,33,3805,37,0,0,0,0,0
