Name,h1,h2,N1,N2,vocabulary,length,volume,difficulty,effort,time,bugs,MI,CC,CCL,CCO,CEE,CI,LDC,LLDC,CLLC,CLC,NCR,CR,CEG,TLLOC,TLOC,TNCL,TNFI,TNM,TNOS,TNPKG,TCLOC,TNDI,WarningBlocker,WarningCritical,WarningMajor,WarningMinor,WarningInfo
DIGITS,2.9964788732394365,17.883802816901408,12.908450704225352,24.193661971830984,20.880281690140844,37.102112676056336,241.00977287996557,1.9821301485172858,2366.764327240509,131.48690706891713,0.08033659095998852,82.79167630947117,3.3974522002025234,46,544,906.5714721679688,101,3317,2599,0.11942287534475327,0.11816886067390442,0.16304348409175873,0.36395981907844543,5.339666366577148,21763,28070,228,284,1276,9716,121,5732,124,0,920,615,1803,0
