h1,h2,N1,N2,vocabulary,length,volume,difficulty,effort,time,bugs,MI,CC
7.0,52.547770700636946,43.605095541401276,83.0,59.547770700636946,126.60509554140127,906.6743700097352,5.314281742978616,11679.465993226411,648.8592218459116,0.30222479000324515,69.68073453310818,3.853187559541705
