h1,h2,N1,N2,vocabulary,length,volume,difficulty,effort,time,bugs,MI,CC
8.51937984496124,63.95348837209303,53.06976744186046,101.01550387596899,72.47286821705427,154.08527131782947,1103.4719076862668,6.467769253082501,14214.543883229042,789.6968824016135,0.3678239692287557,63.099808695333195,3.8348536695149167
