h1,h2,N1,N2,vocabulary,length,volume,difficulty,effort,time,bugs,MI,CC
3.1707317073170733,32.109756097560975,19.73170731707317,37.8780487804878,35.28048780487805,57.609756097560975,397.5807788897426,1.8047062913470657,1772.206018233528,98.45588990186265,0.13252692629658083,71.7945227462629,2.8142509275215937
