h1,h2,N1,N2,vocabulary,length,volume,difficulty,effort,time,bugs,MI,CC
2.103734439834025,21.734439834024897,13.340248962655602,25.61825726141079,23.83817427385892,38.95850622406639,269.49613337078273,1.1942163626254956,1198.140729971829,66.56337388732383,0.08983204445692755,81.13937789072851,2.8628790298766367
