Name,h1,h2,N1,N2,vocabulary,length,volume,difficulty,effort,time,bugs,MI,CC,CCL,CCO,CEE,CEG,CI,LDC,LLDC,CC,CLLC,CLC,NCR,CR,TLLOC,TLOC,TNCL,TNFI,TNM,TNOS,TNPKG,TCLOC,TNDI,WarningBlocker,WarningCritical,WarningMajor,WarningMinor,WarningInfo
Stable Diffusion webui,6.961165048543689,46.529126213592235,34.20388349514563,64.90291262135922,53.49029126213592,99.10679611650485,704.8519243286603,4.6671391673964475,7995.852562401556,444.2140312445307,0.23495064144288702,54.18640505317049,4.053017414132897,0,0,0.0,__INVALID__,0,0,0,0.0,0.0,0.0,__INVALID__,0.0,234,311,0,8,30,80,1,7,5,0,0,0,0,0
