Name,h1,h2,N1,N2,vocabulary,length,volume,difficulty,effort,time,bugs,MI,CC,CCL,CCO,CEE,CI,LDC,LLDC,CLLC,CLC,NCR,CR,CEG,TLLOC,TLOC,TNCL,TNFI,TNM,TNOS,TNPKG,TCLOC,TNDI,WarningBlocker,WarningCritical,WarningMajor,WarningMinor,WarningInfo
Stable Diffusion webui,5.690476190476191,38.035714285714285,27.96031746031746,53.05555555555556,43.726190476190474,81.01587301587301,576.1884778242223,3.8152010654113813,6536.292174026668,363.12734300148145,0.19206282594140764,62.54920413076638,4.148005605641106,96,702,12402.111328125,360,2306,2008,0.06592252105474472,0.05780318006873131,0.23842592537403107,1.4687787294387817,15.457914352416992,30460,39894,314,251,1981,18946,48,2823,51,0,626,679,5454,0
