Name,h1,h2,N1,N2,vocabulary,length,volume,difficulty,effort,time,bugs,MI,CC,CCL,CCO,CEE,CI,LDC,LLDC,CC,CLLC,CLC,NCR,CR,CEG,TLLOC,TLOC,TNCL,TNFI,TNM,TNOS,TNPKG,TCLOC,TNDI,WarningBlocker,WarningCritical,WarningMajor,WarningMinor,WarningInfo
Darts,6.291845493562231,55.802575107296136,43.99141630901288,79.80257510729614,62.09442060085837,123.79399141630901,910.182011387787,4.420633648078297,8921.88567572061,495.6603153178116,0.3033940037959289,64.38846754930785,3.246639356506217,120,619,3604.114501953125,293,8190,6575,0.10749619454145432,0.07935933023691177,0.08280254900455475,0.17011906206607819,0.16613060235977173,2.0282201766967773,82851,98910,399,228,2724,22581,35,28022,39,0,0,0,0,0
