Name,h1,h2,N1,N2,vocabulary,length,volume,difficulty,effort,time,bugs,MI,CC,CCL,CCO,CEE,CI,LDC,LLDC,CLLC,CLC,NCR,CR,CEG,TLLOC,TLOC,TNCL,TNFI,TNM,TNOS,TNPKG,TCLOC,TNDI,WarningBlocker,WarningCritical,WarningMajor,WarningMinor,WarningInfo
Darts,5.6953125,50.546875,39.859375,72.2734375,56.2421875,112.1328125,825.1903583013298,4.001006406258763,8103.506422989899,450.1948012772165,0.27506345276710975,67.8110737019905,3.2892858060160455,120,619,2522.880126953125,293,8190,6575,0.08020933717489243,0.08379288017749786,0.11908333748579025,0.1175369918346405,1.5003935098648071,81973,97741,373,256,2691,22490,59,27409,62,0,2270,894,12553,0
