h1,h2,N1,N2,vocabulary,length,volume,difficulty,effort,time,bugs,MI,CC
4.394409937888199,37.37888198757764,25.695652173913043,48.807453416149066,41.77329192546584,74.5031055900621,619.8463830665265,2.7474442546673012,6749.678064864822,374.98211471471245,0.20661546102217546,76.27496791000947,3.0555600316557694
