h1,h2,N1,N2,vocabulary,length,volume,difficulty,effort,time,bugs,MI,CC
5.780392156862745,48.6078431372549,33.470588235294116,63.56470588235294,54.38823529411765,97.03529411764706,802.7471930954074,3.6256603375479566,8719.941676989762,484.4412042772091,0.2675823976984691,68.88087688572513,2.9236317609288838
