h1,h2,N1,N2,vocabulary,length,volume,difficulty,effort,time,bugs,MI,CC
3.7386468952734013,18.341983317886932,14.163113994439296,25.89156626506024,22.080630213160333,40.054680259499534,233.89946073335204,2.58581401956891,1664.0390775075236,92.44661541708437,0.07796648691111731,79.0433922719718,2.3622723546492335
