h1,h2,N1,N2,vocabulary,length,volume,difficulty,effort,time,bugs,MI,CC
4.0951417004048585,20.057692307692307,15.48582995951417,28.309716599190285,24.152834008097166,43.79554655870445,255.63444572935535,2.831752933748406,1817.867917860413,100.992662103356,0.08521148190978507,77.04013467353889,2.3541923391668265
