Name,h1,h2,N1,N2,vocabulary,length,volume,difficulty,effort,time,bugs,MI,CC,CCL,CCO,CEE,CI,LDC,LLDC,CC,CLLC,CLC,NCR,CR,CEG,TLLOC,TLOC,TNCL,TNFI,TNM,TNOS,TNPKG,TCLOC,TNDI,WarningBlocker,WarningCritical,WarningMajor,WarningMinor,WarningInfo
Mindsdb,2.2035714285714287,10.853571428571428,7.031428571428571,13.616428571428571,13.057142857142857,20.64785714285714,114.00041763092256,1.3669389385400963,647.4230189032926,35.96794549462739,0.03800013921030764,80.55708165125553,3.525203192574121,112,1745,7951.9453125,415,9069,6050,0.07327628880739212,0.06494691222906113,0.0784217044711113,0.24392111599445343,0.861203670501709,9.559707641601562,93153,115644,1047,1281,4804,35126,376,17165,380,0,0,0,0,0
