Name,h1,h2,N1,N2,vocabulary,length,volume,difficulty,effort,time,bugs,MI,CC,CCL,CCO,CEE,CI,LDC,LLDC,CLLC,CLC,NCR,CR,CEG,TLLOC,TLOC,TNCL,TNFI,TNM,TNOS,TNPKG,TCLOC,TNDI,WarningBlocker,WarningCritical,WarningMajor,WarningMinor,WarningInfo
Mindsdb,2.016318537859008,9.934073107049608,6.438642297650131,12.469321148825065,11.950391644908617,18.907963446475197,104.37002496871322,1.2517134082191812,592.2387329295309,32.90215182941841,0.034790008322904506,82.21430024798514,3.6787329587256417,222,2139,60578.28125,828,12582,8121,0.076109878718853,0.09453681856393814,0.21757976710796356,0.8517996072769165,7.720019340515137,106701,133091,1172,1526,5712,41621,507,18892,510,0,2356,1707,6882,0
