h1,h2,N1,N2,vocabulary,length,volume,difficulty,effort,time,bugs,MI,CC
5.009360374414976,29.443057722308893,22.945397815912635,41.40561622464899,34.45241809672387,64.35101404056162,418.34216326308194,3.4330766176663388,3867.5085143993865,214.86158413329926,0.13944738775436072,64.9182075524089,2.2924491797402764
