h1,h2,N1,N2,vocabulary,length,volume,difficulty,effort,time,bugs,MI,CC
5.088467614533966,29.68088467614534,23.137440758293838,41.76303317535545,34.76935229067931,64.9004739336493,421.0888798564778,3.4864935973506532,3895.135580494788,216.39642113859935,0.14036295995215933,64.1374978306142,2.2982774435244715
