h1,h2,N1,N2,vocabulary,length,volume,difficulty,effort,time,bugs,MI,CC
4.900602409638554,27.572289156626507,19.930722891566266,38.27710843373494,32.47289156626506,58.20783132530121,365.5792082893633,3.365014155485402,3069.418623710687,170.52325687281592,0.12185973609645448,71.71166945718481,3.201388693788283
