h1,h2,N1,N2,vocabulary,length,volume,difficulty,effort,time,bugs,MI,CC
5.299674267100977,29.81758957654723,21.553745928338763,41.39413680781759,35.11726384364821,62.94788273615635,395.349502124002,3.6390381095151576,3319.3712803646517,184.40951557581397,0.1317831673746674,69.4080594781282,3.232872928525893
