Name,h1,h2,N1,N2,vocabulary,length,volume,difficulty,effort,time,bugs,MI,CC,CCL,CCO,CEE,CI,LDC,LLDC,CC,CLLC,CLC,NCR,CR,CEG,TLLOC,TLOC,TNCL,TNFI,TNM,TNOS,TNPKG,TCLOC,TNDI,WarningBlocker,WarningCritical,WarningMajor,WarningMinor,WarningInfo
OpenVINO,2.473869641808573,14.039929536112743,9.692894891368173,18.3206106870229,16.513799177921314,28.013505578391076,165.84659712786495,1.639067981210114,1083.3042857588764,60.183571431048684,0.05528219904262146,81.36624170238187,3.2147395560894627,60,284,1137.7308349609375,153,4164,3625,0.11779068410396576,0.11634998023509979,0.10732235014438629,0.2802259027957916,0.23491916060447693,3.3372018337249756,31156,38799,415,380,2088,11888,132,3748,136,0,0,0,0,0
