Name,h1,h2,N1,N2,vocabulary,length,volume,difficulty,effort,time,bugs,MI,CC,CCL,CCO,CEE,CI,LDC,LLDC,CLLC,CLC,NCR,CR,CEG,TLLOC,TLOC,TNCL,TNFI,TNM,TNOS,TNPKG,TCLOC,TNDI,WarningBlocker,WarningCritical,WarningMajor,WarningMinor,WarningInfo
OpenVINO,2.1319444444444446,12.018849206349206,8.286210317460318,15.655753968253968,14.15079365079365,23.941964285714285,141.55172083661492,1.4102443836440433,924.348056214615,51.35266978970082,0.047183906945538145,83.98964602835251,3.2109319400195853,234,1223,9344.34765625,679,15172,12952,0.08558665961027145,0.08023735135793686,0.18759022653102875,0.16874255239963531,1.8454786539077759,151332,189089,1774,2014,7965,55489,745,36453,748,0,2796,2955,8794,0
