Name,h1,h2,N1,N2,vocabulary,length,volume,difficulty,effort,time,bugs,MI,CC,CCL,CCO,CEE,CEG,CI,LDC,LLDC,CLLC,CLC,NCR,CR,TLLOC,TLOC,TNCL,TNFI,TNM,TNOS,TNPKG,TCLOC,TNDI,WarningBlocker,WarningCritical,WarningMajor,WarningMinor,WarningInfo
GPT-Engineer,2.116279069767442,9.581395348837209,5.965116279069767,11.209302325581396,11.69767441860465,17.174418604651162,86.88124367663399,1.238763307159137,394.6695320072985,21.926085111516596,0.028960414558877986,82.51776536979206,2.959659755983273,0,0,0.0,__INVALID__,0,0,0,0.0,0.0,__INVALID__,0.0,7742,9769,43,86,286,1778,27,2771,30,0,14,82,288,0
