Name,h1,h2,N1,N2,vocabulary,length,volume,difficulty,effort,time,bugs,MI,CC,CCL,CCO,CEE,CEG,CI,LDC,LLDC,CC,CLLC,CLC,NCR,CR,TLLOC,TLOC,TNCL,TNFI,TNM,TNOS,TNPKG,TCLOC,TNDI,WarningBlocker,WarningCritical,WarningMajor,WarningMinor,WarningInfo
GPT-Engineer,2.507042253521127,11.43661971830986,7.126760563380282,13.394366197183098,13.943661971830986,20.52112676056338,103.94544652095053,1.4689218075669634,475.1526457989308,26.397369211051718,0.034648482173650165,79.34297999992233,2.9960456557927237,0,0,0.0,__INVALID__,0,0,0,0.0,0.0,0.0,__INVALID__,0.0,4695,6165,34,52,244,1478,11,2135,15,0,0,0,0,0
