h1,h2,N1,N2,vocabulary,length,volume,difficulty,effort,time,bugs,MI,CC
4.405797101449275,42.72463768115942,30.855072463768117,59.15942028985507,47.130434782608695,90.01449275362319,640.5537729396843,2.9407932893690636,5432.6001895678355,301.81112164265744,0.21351792431322827,68.05956951961348,4.726684289897419
