h1,h2,N1,N2,vocabulary,length,volume,difficulty,effort,time,bugs,MI,CC
3.4634146341463414,33.609756097560975,24.341463414634145,46.74390243902439,37.073170731707314,71.08536585365853,503.86596790512846,2.317718087000285,4162.6683248572235,231.25935138095676,0.1679553226350429,75.11268085285428,4.382145281532753
