h1,h2,N1,N2,vocabulary,length,volume,difficulty,effort,time,bugs,MI,CC
6.655086848635236,86.64516129032258,66.71960297766749,123.46898263027295,93.30024813895781,190.18858560794044,1573.469678923663,4.536165950339147,19108.936942211658,1061.6076079006486,0.5244898929745543,56.48726636675162,3.9074571106867597
