h1,h2,N1,N2,vocabulary,length,volume,difficulty,effort,time,bugs,MI,CC
7.32520325203252,94.78048780487805,72.97289972899729,135.03252032520325,102.10569105691057,208.00542005420056,1720.1274303939583,4.987622627993257,20895.43640997764,1160.8575783320923,0.5733758101313194,52.227955230997104,3.8793784694993523
