h1,h2,N1,N2,vocabulary,length,volume,difficulty,effort,time,bugs,MI,CC
2.6783625730994154,11.865497076023392,7.853801169590644,15.046783625730994,14.543859649122806,22.900584795321638,113.57207781303524,1.7158497552184193,542.1066078609084,30.117033770050476,0.03785735927101173,81.56245314218097,2.7917463719622244
