h1,h2,N1,N2,vocabulary,length,volume,difficulty,effort,time,bugs,MI,CC
2.110599078341014,9.350230414746544,6.188940092165899,11.857142857142858,11.460829493087557,18.046082949308754,89.49689081119367,1.3521212356790309,427.1899997429278,23.732777763495996,0.029832296937064542,85.47087321342376,2.7772250173639015
