h1,h2,N1,N2,vocabulary,length,volume,difficulty,effort,time,bugs,MI,CC
2.2452830188679247,10.437106918238994,7.091194968553459,12.751572327044025,12.682389937106919,19.842767295597483,106.5106111721431,1.3801893443140707,474.12273984794814,26.340152213774914,0.03550353705738106,81.61426274407638,2.11435158173131
