h1,h2,N1,N2,vocabulary,length,volume,difficulty,effort,time,bugs,MI,CC
3.5979899497487438,16.70854271356784,11.346733668341708,20.407035175879397,20.306532663316585,31.753768844221106,170.33856458664073,2.210553826592334,757.7790516163192,42.098836200906646,0.05677952152888027,70.46230931474241,2.30122531372767
