Name,h1,h2,N1,N2,vocabulary,length,volume,difficulty,effort,time,bugs,MI,CC,CCL,CCO,CEE,CI,LDC,LLDC,CLLC,CLC,NCR,CR,CEG,TLLOC,TLOC,TNCL,TNFI,TNM,TNOS,TNPKG,TCLOC,TNDI,WarningBlocker,WarningCritical,WarningMajor,WarningMinor,WarningInfo
Dash,1.8926315789473684,12.829473684210527,8.223157894736842,15.471578947368421,14.722105263157895,23.694736842105264,138.43519102922542,1.1337047225220438,630.9479278220814,35.05266265678228,0.04614506367640855,78.9831255157161,3.2869656600653836,29,129,213.86668395996094,77,1849,1371,0.03899760916829109,0.0410214327275753,0.07969348877668381,0.028127964586019516,0.5242471098899841,35156,45074,110,475,2156,13319,195,3784,198,0,1304,873,3449,0
