Name,h1,h2,N1,N2,vocabulary,length,volume,difficulty,effort,time,bugs,MI,CC,CCL,CCO,CEE,CI,LDC,LLDC,CC,CLLC,CLC,NCR,CR,CEG,TLLOC,TLOC,TNCL,TNFI,TNM,TNOS,TNPKG,TCLOC,TNDI,WarningBlocker,WarningCritical,WarningMajor,WarningMinor,WarningInfo
Dash,2.9356913183279745,19.623794212218648,12.588424437299036,23.659163987138264,22.559485530546624,36.247588424437296,211.22268387413777,1.7551638445677922,964.0852779905402,53.560293221696654,0.07040756129137937,67.43620715541739,3.2464108264639115,10,62,225.25,22,591,370,0.024440130218863487,0.02175063267350197,0.027439873665571213,0.1875,0.05649285763502121,1.0428024530410767,17011,21538,90,119,1048,6374,12,2966,16,0,0,0,0,0
