Name,h1,h2,N1,N2,vocabulary,length,volume,difficulty,effort,time,bugs,MI,CC,CCL,CCO,CEE,CI,LDC,LLDC,CLLC,CLC,NCR,CR,CEG,TLLOC,TLOC,TNCL,TNFI,TNM,TNOS,TNPKG,TCLOC,TNDI,WarningBlocker,WarningCritical,WarningMajor,WarningMinor,WarningInfo
FeatureTools,2.1814159292035398,16.77433628318584,11.298672566371682,21.238938053097346,18.95575221238938,32.53761061946903,218.68715459089967,1.371210112009362,1529.5014848580597,84.97230471433664,0.07289571819696651,82.12134696857919,3.1977183080084646,50,182,182.7897491455078,118,2725,2485,0.05016958713531494,0.045644890516996384,0.10656410455703735,0.026459146291017532,0.5080109238624573,49532,59700,387,452,2785,17347,63,7820,66,0,939,792,2948,0
