Name,h1,h2,N1,N2,vocabulary,length,volume,difficulty,effort,time,bugs,MI,CC,CCL,CCO,CEE,CI,LDC,LLDC,CC,CLLC,CLC,NCR,CR,CEG,TLLOC,TLOC,TNCL,TNFI,TNM,TNOS,TNPKG,TCLOC,TNDI,WarningBlocker,WarningCritical,WarningMajor,WarningMinor,WarningInfo
FeatureTools,2.2625570776255706,17.34474885844749,11.678082191780822,21.95662100456621,19.60730593607306,33.63470319634703,225.87843918943506,1.421576728291936,1578.806145764972,87.71145254249844,0.07529281306314496,81.43482722880788,3.2020409984019014,50,182,198.02223205566406,118,2725,2485,0.05036883056163788,0.050922129303216934,0.04664498567581177,0.11544444411993027,0.029094034805893898,0.5501447916030884,48800,58420,385,428,2690,16868,49,7411,53,0,0,0,0,0
