Name,h1,h2,N1,N2,vocabulary,length,volume,difficulty,effort,time,bugs,MI,CC,CCL,CCO,CEE,CI,LDC,LLDC,CLLC,CLC,NCR,CR,CEG,TLLOC,TLOC,TNCL,TNFI,TNM,TNOS,TNPKG,TCLOC,TNDI,WarningBlocker,WarningCritical,WarningMajor,WarningMinor,WarningInfo
Scikit-multiflow,4.900602409638554,27.572289156626507,19.930722891566266,38.27710843373494,32.47289156626506,58.20783132530121,365.5792082893633,3.365014155485402,3069.418623710687,170.52325687281592,0.12185973609645448,71.71166945718481,3.201388693788283,112,1343,6475.6865234375,480,5550,3735,0.0940806046128273,0.1179671362042427,0.1832142025232315,1.1064387559890747,12.54144287109375,39700,47047,215,332,1732,15148,62,17832,65,0,167,690,3135,0
