Name,h1,h2,N1,N2,vocabulary,length,volume,difficulty,effort,time,bugs,MI,CC,CCL,CCO,CEE,CI,LDC,LLDC,CC,CLLC,CLC,NCR,CR,CEG,TLLOC,TLOC,TNCL,TNFI,TNM,TNOS,TNPKG,TCLOC,TNDI,WarningBlocker,WarningCritical,WarningMajor,WarningMinor,WarningInfo
Scikit-multiflow,5.299674267100977,29.81758957654723,21.553745928338763,41.39413680781759,35.11726384364821,62.94788273615635,395.349502124002,3.6390381095151576,3319.3712803646517,184.40951557581397,0.1317831673746674,69.4080594781282,3.232872928525893,85,1032,15177.716796875,415,3497,2564,0.4406309127807617,0.41902270913124084,0.41272276639938354,0.4505879580974579,15.581719398498535,92.43983459472656,6119,8473,0,111,223,4018,16,384,20,0,0,0,0,0
