h1,h2,N1,N2,vocabulary,length,volume,difficulty,effort,time,bugs,MI,CC
6.342293906810036,76.5,64.31182795698925,115.49462365591398,82.84229390681004,179.80645161290323,1446.2339520657677,4.95645676717632,21105.77559649675,1172.5430886942638,0.4820779840219219,57.55530301129104,2.70494749755648
