h1,h2,N1,N2,vocabulary,length,volume,difficulty,effort,time,bugs,MI,CC
4.967189728958631,60.34522111269615,50.827389443651924,91.24679029957204,65.31241084165478,142.07417974322397,1144.1895183906254,3.891111983834781,16757.236309803782,930.957572766877,0.381396506130208,66.92563666912837,2.6442847000581353
