Name,h1,h2,N1,N2,vocabulary,length,volume,difficulty,effort,time,bugs,MI,CC,CCL,CCO,CEE,CI,LDC,LLDC,CLLC,CLC,NCR,CR,CEG,TLLOC,TLOC,TNCL,TNFI,TNM,TNOS,TNPKG,TCLOC,TNDI,WarningBlocker,WarningCritical,WarningMajor,WarningMinor,WarningInfo
Matplotlib,4.087476979742173,38.074585635359114,29.994475138121548,54.33977900552486,42.16206261510129,84.3342541436464,652.5619645403217,2.857356351883024,8104.235947726984,450.23533042927744,0.21752065484677388,77.51170094286202,2.4701731335349595,61,318,239.42857360839844,131,4009,2330,0.015337726101279259,0.018967637792229652,0.11943794041872025,0.015562009066343307,0.28406795859336853,151913,211360,890,1054,8096,57195,211,73459,214,0,3755,4340,12695,0
