Name,h1,h2,N1,N2,vocabulary,length,volume,difficulty,effort,time,bugs,MI,CC,CCL,CCO,CEE,CI,LDC,LLDC,CLLC,CLC,NCR,CR,CEG,TLLOC,TLOC,TNCL,TNFI,TNM,TNOS,TNPKG,TCLOC,TNDI,WarningBlocker,WarningCritical,WarningMajor,WarningMinor,WarningInfo
pycm,3.4186046511627906,56.76744186046512,38.674418604651166,75.65116279069767,60.18604651162791,114.32558139534883,924.3495457760441,2.117868501745842,5848.548961710786,324.9193867617103,0.3081165152586815,79.69178056912365,2.657233030137312,4,30,2.0,8,170,108,0.013416148722171783,0.011947431601583958,0.1666666716337204,0.025672879070043564,3.702120542526245,8050,14229,15,43,296,2399,12,8688,15,0,56,63,1958,0
