Name,h1,h2,N1,N2,vocabulary,length,volume,difficulty,effort,time,bugs,MI,CC,CCL,CCO,CEE,CI,LDC,LLDC,CC,CLLC,CLC,NCR,CR,CEG,TLLOC,TLOC,TNCL,TNFI,TNM,TNOS,TNPKG,TCLOC,TNDI,WarningBlocker,WarningCritical,WarningMajor,WarningMinor,WarningInfo
pycm,4.59375,76.28125,51.96875,101.65625,80.875,153.625,1242.0947021365594,2.845885799220975,7858.9876672988685,436.61042596104824,0.41403156737885327,72.7108301397599,2.9807624037275335,4,30,6.0,8,170,108,0.015419400297105312,0.013700367882847786,0.01975136436522007,0.5,0.07865025848150253,4.38673734664917,7883,8607,15,18,293,2383,1,3256,5,0,0,0,0,0
