Name,h1,h2,N1,N2,vocabulary,length,volume,difficulty,effort,time,bugs,MI,CC,CCL,CCO,CEE,CI,LDC,LLDC,CLLC,CLC,NCR,CR,CEG,TLLOC,TLOC,TNCL,TNFI,TNM,TNOS,TNPKG,TCLOC,TNDI,WarningBlocker,WarningCritical,WarningMajor,WarningMinor,WarningInfo
ImageAI,3.4263565891472867,20.8062015503876,14.782945736434108,28.527131782945737,24.232558139534884,43.310077519379846,271.37427310936584,2.257996391704885,2009.5520984822779,111.64178324901549,0.09045809103645529,80.35316726770772,2.6843129933983536,12,80,589.1000366210938,31,882,747,0.08528371155261993,0.073243647813797,0.2083333432674408,0.14933212101459503,2.3407163619995117,8759,12042,37,129,473,4280,39,2777,42,0,275,155,1612,0
