Name,h1,h2,N1,N2,vocabulary,length,volume,difficulty,effort,time,bugs,MI,CC,CCL,CCO,CEE,CI,LDC,LLDC,CC,CLLC,CLC,NCR,CR,CEG,TLLOC,TLOC,TNCL,TNFI,TNM,TNOS,TNPKG,TCLOC,TNDI,WarningBlocker,WarningCritical,WarningMajor,WarningMinor,WarningInfo
ImageAI,4.625,30.375,23.058333333333334,44.46666666666667,35.0,67.525,441.0819390998456,3.2089005802503894,4109.294559829353,228.2941422127418,0.14702731303328184,73.35481233696721,3.5670493859468753,20,453,3920.86669921875,49,1564,1233,0.1276928186416626,0.09640344232320786,0.09342332929372787,0.33666667342185974,3.1002607345581055,35.80924606323242,12790,16741,62,91,634,6131,30,4381,34,0,0,0,0,0
