Name,h1,h2,N1,N2,vocabulary,length,volume,difficulty,effort,time,bugs,MI,CC,CCL,CCO,CEE,CI,LDC,LLDC,CC,CLLC,CLC,NCR,CR,CEG,TLLOC,TLOC,TNCL,TNFI,TNM,TNOS,TNPKG,TCLOC,TNDI,WarningBlocker,WarningCritical,WarningMajor,WarningMinor,WarningInfo
ART,5.844444444444444,40.66825396825397,32.06825396825397,58.266666666666666,46.51269841269841,90.33492063492064,628.9617482276899,4.07964430210328,6589.77191377887,366.09843965438216,0.20965391607589634,70.1698035053553,4.565938329758869,266,2002,12868.068359375,689,14736,11715,0.1548888087272644,0.1236724853515625,0.11297841370105743,0.16017383337020874,0.3253873884677887,3.437347888946533,94726,130432,543,557,3761,41409,111,37131,115,0,0,0,0,0
