Name,h1,h2,N1,N2,vocabulary,length,volume,difficulty,effort,time,bugs,MI,CC,CCL,CCO,CEE,CI,LDC,LLDC,CLLC,CLC,NCR,CR,CEG,TLLOC,TLOC,TNCL,TNFI,TNM,TNOS,TNPKG,TCLOC,TNDI,WarningBlocker,WarningCritical,WarningMajor,WarningMinor,WarningInfo
ART,5.426253687315635,37.78023598820059,29.793510324483776,54.13274336283186,43.206489675516224,83.92625368731564,584.4124435412066,3.7886075373526054,6123.228869246955,340.17938162483125,0.19480414784706865,72.34781873320293,4.518860495147908,281,2056,10924.2119140625,721,15465,12359,0.11876117438077927,0.10747121274471283,0.13568809628486633,0.2540925145149231,2.7318687438964844,104066,143899,591,677,4344,45583,160,39251,163,0,3344,1814,15850,0
