h1,h2,N1,N2,vocabulary,length,volume,difficulty,effort,time,bugs,MI,CC
1.369483407458091,6.731098186794389,4.533014026684913,8.581936366746493,8.10058159425248,13.114950393431407,75.72567873412332,0.8417302971597552,491.65869896247136,27.314372164581695,0.025241892911374395,86.36949724284236,3.7210049992830094
