h1,h2,N1,N2,vocabulary,length,volume,difficulty,effort,time,bugs,MI,CC
2.4480903711672943,12.477676169983862,8.323830016137709,15.781603012372242,14.925766541151157,24.105433028509953,143.01507803463363,1.495692217502082,955.353794277407,53.07521079318919,0.047671692678210954,75.84262714023815,3.8355670609705017
