Name,h1,h2,N1,N2,vocabulary,length,volume,difficulty,effort,time,bugs,MI,CC,CCL,CCO,CEE,CI,LDC,LLDC,CC,CLLC,CLC,NCR,CR,CEG,TLLOC,TLOC,TNCL,TNFI,TNM,TNOS,TNPKG,TCLOC,TNDI,WarningBlocker,WarningCritical,WarningMajor,WarningMinor,WarningInfo
SciPy,7.568825910931174,111.87753036437248,96.77327935222672,171.81983805668017,119.44635627530364,268.5931174089069,2323.426537186615,5.645497041511684,32274.329233764565,1793.018290764696,0.7744755123955394,58.24322675139408,2.3978742365342525,168,888,1648.3818359375,389,14346,5754,0.023786021396517754,0.016489941626787186,0.03311259672045708,0.14341631531715393,0.04936368390917778,0.6663870811462402,348940,433249,1712,822,17638,133476,83,162739,87,0,0,0,0,0
