Name,h1,h2,N1,N2,vocabulary,length,volume,difficulty,effort,time,bugs,MI,CC,CCL,CCO,CEE,CI,LDC,LLDC,CLLC,CLC,NCR,CR,CEG,TLLOC,TLOC,TNCL,TNFI,TNM,TNOS,TNPKG,TCLOC,TNDI,WarningBlocker,WarningCritical,WarningMajor,WarningMinor,WarningInfo
SciPy,6.124793388429752,90.76611570247934,78.57190082644628,139.499173553719,96.89090909090909,218.0710743801653,1886.291390258081,4.576573322320537,26204.51344326928,1455.8063024038477,0.6287637967526946,66.46806823952089,2.3986417018785557,169,884,1204.5467529296875,391,14397,5780,0.015721431002020836,0.0317840538918972,0.10533859580755234,0.03433847427368164,0.48405537009239197,367651,452963,2168,1189,18978,140357,309,164732,312,0,5585,9229,48068,0
