h1,h2,N1,N2,vocabulary,length,volume,difficulty,effort,time,bugs,MI,CC
6.231448185681595,51.35632559660019,46.40372670807454,81.88166067342269,57.58777378228179,128.28538738149723,937.7979838187854,4.7798156111884795,12474.980316050709,693.0544620028113,0.31259932793959516,64.18519726814957,4.196742421474634
