h1,h2,N1,N2,vocabulary,length,volume,difficulty,effort,time,bugs,MI,CC
6.735849056603773,55.20510132774284,49.91684136967156,87.80048916841369,61.940950384346614,137.71733053808526,1003.1825704984972,5.143645497786817,13303.608656250972,739.0893697917161,0.3343941901661648,60.019576887516486,4.15397932592794
