Name,h1,h2,N1,N2,vocabulary,length,volume,difficulty,effort,time,bugs,MI,CC,CCL,CCO,CEE,CI,LDC,LLDC,CC,CLLC,CLC,NCR,CR,CEG,TLLOC,TLOC,TNCL,TNFI,TNM,TNOS,TNPKG,TCLOC,TNDI,WarningBlocker,WarningCritical,WarningMajor,WarningMinor,WarningInfo
BentoML,3.0173076923076922,13.953846153846154,9.330769230769231,17.713461538461537,16.971153846153847,27.04423076923077,151.39405837341712,1.8590584299859367,967.9782678108058,53.776570433933685,0.050464686124472406,72.57175463866034,2.46984833096059,4,39,17.0,9,210,173,0.03698204085230827,0.0317489430308342,0.031005462631583214,0.125,0.06308496743440628,2.22625470161438,5449,6773,48,70,271,1642,18,257,22,0,0,0,0,0
