Name,h1,h2,N1,N2,vocabulary,length,volume,difficulty,effort,time,bugs,MI,CC,CCL,CCO,CEE,CI,LDC,LLDC,CLLC,CLC,NCR,CR,CEG,TLLOC,TLOC,TNCL,TNFI,TNM,TNOS,TNPKG,TCLOC,TNDI,WarningBlocker,WarningCritical,WarningMajor,WarningMinor,WarningInfo
BentoML,2.0273224043715845,9.528688524590164,6.3756830601092895,12.117486338797814,11.556010928961749,18.493169398907103,104.17915828968982,1.2490320375596367,673.5250782230642,37.41805990128136,0.034726386096563304,81.45223472330935,2.3154162043178315,64,590,712.3541870117188,167,4372,3594,0.06630261987447739,0.06663618236780167,0.1875,0.23283939063549042,3.5432631969451904,54206,65610,456,710,2491,15924,290,7413,293,0,1565,922,2645,0
