Name,h1,h2,N1,N2,vocabulary,length,volume,difficulty,effort,time,bugs,MI,CC,CCL,CCO,CEE,CI,LDC,LLDC,CLLC,CLC,NCR,CR,CEG,TLLOC,TLOC,TNCL,TNFI,TNM,TNOS,TNPKG,TCLOC,TNDI,WarningBlocker,WarningCritical,WarningMajor,WarningMinor,WarningInfo
OpenAI Baselines,5.378205128205129,26.166666666666668,18.525641025641026,35.15384615384615,31.544871794871796,53.67948717948718,327.94942974241286,3.5322356924520286,2637.2310875474113,146.51283819707834,0.10931647658080426,68.5649940069629,2.7481614821070055,1,16,88.0,2,82,76,0.005738014355301857,0.004906653892248869,0.5,0.049528125673532486,1.1061509847640991,13245,16712,127,156,1002,7825,25,2933,28,0,625,264,2142,0
