Name,h1,h2,N1,N2,vocabulary,length,volume,difficulty,effort,time,bugs,MI,CC,CCL,CCO,CEE,CI,LDC,LLDC,CC,CLLC,CLC,NCR,CR,CEG,TLLOC,TLOC,TNCL,TNFI,TNM,TNOS,TNPKG,TCLOC,TNDI,WarningBlocker,WarningCritical,WarningMajor,WarningMinor,WarningInfo
OpenAI Baselines,5.6,27.22,19.273333333333333,36.56666666666667,32.82,55.84,341.08074026544267,3.6768584534834434,2742.7269977159744,152.37372209533183,0.11369358008848089,67.24886725783018,2.762769924017679,1,16,100.5714340209961,2,82,76,0.007622224744409323,0.005789152812212706,0.004956779070198536,0.5714285969734192,0.057108037173748016,1.2384895086288452,13128,16543,127,148,1001,7746,19,2932,23,0,0,0,0,0
