Name,h1,h2,N1,N2,vocabulary,length,volume,difficulty,effort,time,bugs,MI,CC,CCL,CCO,CEE,CI,LDC,LLDC,CC,CLLC,CLC,NCR,CR,CEG,TLLOC,TLOC,TNCL,TNFI,TNM,TNOS,TNPKG,TCLOC,TNDI,WarningBlocker,WarningCritical,WarningMajor,WarningMinor,WarningInfo
scikit-learn,6.666666666666667,51.97427652733119,39.07931404072883,71.33976420150053,58.640943193997856,110.41907824222936,786.5276744564768,4.544204953225795,8125.792743466393,451.4329301925769,0.26217589148549225,63.478248218280235,2.92957557074345,72,338,993.51513671875,164,4501,3219,0.014686896465718746,0.01211931835860014,0.013954642228782177,0.15993265807628632,0.013316909782588482,0.19296351075172424,265609,322545,792,555,9380,86504,94,110227,98,0,0,0,0,0
