Name,h1,h2,N1,N2,vocabulary,length,volume,difficulty,effort,time,bugs,MI,CC,CCL,CCO,CEE,CI,LDC,LLDC,CLLC,CLC,NCR,CR,CEG,TLLOC,TLOC,TNCL,TNFI,TNM,TNOS,TNPKG,TCLOC,TNDI,WarningBlocker,WarningCritical,WarningMajor,WarningMinor,WarningInfo
scikit-learn,6.089478859390364,47.581120943952804,35.80137659783677,65.34611602753196,53.670599803343165,101.14749262536873,720.8117380519452,4.153817491048065,7451.790321023652,413.9883511679805,0.2402705793506485,66.64270529761225,2.922112058173359,100,446,955.6190795898438,224,6116,4535,0.015027354471385479,0.01579631119966507,0.1254761964082718,0.011867562308907509,0.17293688654899597,301783,387179,904,1015,10294,92749,179,132470,182,0,2997,7090,22098,0
