Name,h1,h2,N1,N2,vocabulary,length,volume,difficulty,effort,time,bugs,MI,CC,CCL,CCO,CEE,CI,LDC,LLDC,CLLC,CLC,NCR,CR,CEG,TLLOC,TLOC,TNCL,TNFI,TNM,TNOS,TNPKG,TCLOC,TNDI,WarningBlocker,WarningCritical,WarningMajor,WarningMinor,WarningInfo
Neural Prophet,4.438202247191011,36.73033707865169,27.775280898876403,52.46067415730337,41.168539325842694,80.23595505617978,586.6776309175153,3.031384082454526,6584.384880699003,365.7991600388335,0.19555921030583842,77.24046054537395,4.4563913885412605,23,115,515.1333618164062,53,1242,1116,0.06038634106516838,0.0588793009519577,0.14420290291309357,0.06709593534469604,1.0744519233703613,18481,21094,46,89,481,7051,35,6464,38,0,131,308,1780,0
