Name,h1,h2,N1,N2,vocabulary,length,volume,difficulty,effort,time,bugs,MI,CC,CCL,CCO,CEE,CI,LDC,LLDC,CC,CLLC,CLC,NCR,CR,CEG,TLLOC,TLOC,TNCL,TNFI,TNM,TNOS,TNPKG,TCLOC,TNDI,WarningBlocker,WarningCritical,WarningMajor,WarningMinor,WarningInfo
Neural Prophet,6.583333333333333,54.483333333333334,41.2,77.81666666666666,61.06666666666667,119.01666666666667,870.238485860981,4.49655305564088,9766.837573036853,542.6020873909364,0.29007949528699367,66.240016475638,5.728149925936401,22,107,857.888916015625,51,1132,1024,0.08471398800611496,0.05868867412209511,0.057067956775426865,0.236111119389534,0.10163533687591553,1.5045976638793945,17448,19836,46,52,463,6695,6,6063,10,0,0,0,0,0
