Name,h1,h2,N1,N2,vocabulary,length,volume,difficulty,effort,time,bugs,MI,CC,CCL,CCO,CEE,CI,LDC,LLDC,CC,CLLC,CLC,NCR,CR,CEG,TLLOC,TLOC,TNCL,TNFI,TNM,TNOS,TNPKG,TCLOC,TNDI,WarningBlocker,WarningCritical,WarningMajor,WarningMinor,WarningInfo
SuperAGI,1.9240780911062907,8.776572668112799,5.516268980477223,10.644251626898047,10.700650759219089,16.160520607375272,76.21984755316109,1.1683293915796387,277.9458091758985,15.441433843105491,0.025406615851053777,78.85341279398419,2.5468167664038606,10,62,44.70000076293945,22,583,457,0.02416469156742096,0.02168651856482029,0.022050758823752403,0.1899999976158142,0.033550042659044266,0.8828790187835693,21073,26439,328,373,1314,8402,64,4862,68,0,0,0,0,0
