Name,h1,h2,N1,N2,vocabulary,length,volume,difficulty,effort,time,bugs,MI,CC,CCL,CCO,CEE,CI,LDC,LLDC,CLLC,CLC,NCR,CR,CEG,TLLOC,TLOC,TNCL,TNFI,TNM,TNOS,TNPKG,TCLOC,TNDI,WarningBlocker,WarningCritical,WarningMajor,WarningMinor,WarningInfo
SuperAGI,1.7367387033398822,7.94106090373281,4.990176817288802,9.63261296660118,9.677799607072691,14.62278978388998,68.99351323684256,1.0552059911949185,251.67689745266722,13.98204985848153,0.022997837745614258,80.89639486756992,2.5311745328151183,11,66,44.900001525878906,24,623,483,0.01861989125609398,0.019039761275053024,0.1818181872367859,0.027872012928128242,0.7326053380966187,25940,32721,396,509,1603,10383,112,5997,115,0,1354,1265,3104,0
