Name,h1,h2,N1,N2,vocabulary,length,volume,difficulty,effort,time,bugs,MI,CC,CCL,CCO,CEE,CI,LDC,LLDC,CLLC,CLC,NCR,CR,CEG,TLLOC,TLOC,TNCL,TNFI,TNM,TNOS,TNPKG,TCLOC,TNDI,WarningBlocker,WarningCritical,WarningMajor,WarningMinor,WarningInfo
TensorFlow,3.190865576386119,22.379337854008774,16.8968887116075,30.295771838851216,25.570203430394894,47.19266055045872,321.3097493471461,2.099504987068557,2896.090883895574,160.89393799419884,0.10710324978238174,78.18357830669666,2.2489022620424883,886,4883,9274.45703125,2170,48152,36835,0.03904891759157181,0.040293820202350616,0.07988439500331879,0.0432821661233902,0.47380131483078003,943304,1195022,6137,5000,61312,372365,1987,306853,1990,0,31206,479025,70623,0
