Name,h1,h2,N1,N2,vocabulary,length,volume,difficulty,effort,time,bugs,MI,CC,CCL,CCO,CEE,CI,LDC,LLDC,CC,CLLC,CLC,NCR,CR,CEG,TLLOC,TLOC,TNCL,TNFI,TNM,TNOS,TNPKG,TCLOC,TNDI,WarningBlocker,WarningCritical,WarningMajor,WarningMinor,WarningInfo
TensorFlow,5.146576663452266,36.09353905496625,27.247508839601416,48.85695917711347,41.240115718418515,76.10446801671489,518.1032862312549,3.3860063678883083,4668.301743074851,259.35009683749223,0.1727010954104179,64.80874944325345,2.1923677171212708,262,1391,3301.333251953125,591,14558,11309,0.04152185097336769,0.03359425067901611,0.03415558859705925,0.21098919212818146,0.06597588211297989,0.8142898082733154,336635,426226,2522,957,22458,133556,60,124291,64,0,0,0,0,0
