Name,h1,h2,N1,N2,vocabulary,length,volume,difficulty,effort,time,bugs,MI,CC,CCL,CCO,CEE,CI,LDC,LLDC,CLLC,CLC,NCR,CR,CEG,TLLOC,TLOC,TNCL,TNFI,TNM,TNOS,TNPKG,TCLOC,TNDI,WarningBlocker,WarningCritical,WarningMajor,WarningMinor,WarningInfo
Lightning,2.828358208955224,16.708955223880597,11.504477611940299,21.540298507462687,19.53731343283582,33.04477611940298,200.78391097259558,1.7627371800598948,1343.2689692460947,74.62605384700525,0.06692797032419834,78.44998239357976,2.4314402569764133,69,449,803.2777709960938,147,4410,3630,0.028710858896374702,0.026113834232091904,0.18518519401550293,0.058077313005924225,0.8682681322097778,126433,168876,2019,1316,10046,56029,390,31969,393,0,5509,4418,10442,0
