h1,h2,N1,N2,vocabulary,length,volume,difficulty,effort,time,bugs,MI,CC
2.164383561643836,8.86986301369863,7.815068493150685,13.547945205479452,11.034246575342467,21.363013698630137,114.46774799818463,1.4977363856891002,786.7258779681747,43.706993220454166,0.03815591599939485,80.23262654301718,2.8030158236422706
