h1,h2,N1,N2,vocabulary,length,volume,difficulty,effort,time,bugs,MI,CC
2.0256410256410255,8.301282051282051,7.314102564102564,12.679487179487179,10.326923076923077,19.993589743589745,107.13007184445486,1.4017276430167218,736.2947319445738,40.90526288580967,0.03571002394815159,81.49976586718275,2.794479742826654
