Name,h1,h2,N1,N2,vocabulary,length,volume,difficulty,effort,time,bugs,MI,CC,CCL,CCO,CEE,CI,LDC,LLDC,CLLC,CLC,NCR,CR,CEG,TLLOC,TLOC,TNCL,TNFI,TNM,TNOS,TNPKG,TCLOC,TNDI,WarningBlocker,WarningCritical,WarningMajor,WarningMinor,WarningInfo
Mage-ai,1.369483407458091,6.731098186794389,4.533014026684913,8.581936366746493,8.10058159425248,13.114950393431407,75.72567873412332,0.8417302971597552,491.65869896247136,27.314372164581695,0.025241892911374395,86.36949724284236,3.7210049992830094,209,1789,3196.636474609375,525,13169,10223,0.06076257675886154,0.06367065012454987,0.09235899895429611,0.12416605651378632,1.538519263267517,168245,206830,1919,2922,7575,56810,1463,17997,1466,0,212,2525,7628,0
