Name,h1,h2,N1,N2,vocabulary,length,volume,difficulty,effort,time,bugs,MI,CC,CCL,CCO,CEE,CI,LDC,LLDC,CC,CLLC,CLC,NCR,CR,CEG,TLLOC,TLOC,TNCL,TNFI,TNM,TNOS,TNPKG,TCLOC,TNDI,WarningBlocker,WarningCritical,WarningMajor,WarningMinor,WarningInfo
Mage-ai,2.4480903711672943,12.477676169983862,8.323830016137709,15.781603012372242,14.925766541151157,24.105433028509953,143.01507803463363,1.495692217502082,955.353794277407,53.07521079318919,0.047671692678210954,75.84262714023815,3.8355670609705017,130,1146,1666.615478515625,285,7980,6263,0.05561285838484764,0.04864088073372841,0.05199035629630089,0.12001972645521164,0.13801229000091553,1.8601528406143188,128760,153490,1322,1283,5521,43169,258,9622,262,0,0,0,0,0
