Name,h1,h2,N1,N2,vocabulary,length,volume,difficulty,effort,time,bugs,MI,CC,CCL,CCO,CEE,CI,LDC,LLDC,CC,CLLC,CLC,NCR,CR,CEG,TLLOC,TLOC,TNCL,TNFI,TNM,TNOS,TNPKG,TCLOC,TNDI,WarningBlocker,WarningCritical,WarningMajor,WarningMinor,WarningInfo
MLflow,3.541208791208791,27.77106227106227,17.70054945054945,33.86813186813187,31.312271062271062,51.56868131868132,344.4632572768574,2.109889762210964,2269.001776851227,126.05565426951259,0.11482108575895261,67.02783739947829,2.6813156539662337,292,1397,14003.236328125,911,11374,9177,0.0706435814499855,0.05460062623023987,0.05619120970368385,0.15647049248218536,0.28157830238342285,2.9485220909118652,168075,202416,778,739,8550,55789,142,41864,146,0,0,0,0,0
