Name,h1,h2,N1,N2,vocabulary,length,volume,difficulty,effort,time,bugs,MI,CC,CCL,CCO,CEE,CI,LDC,LLDC,CLLC,CLC,NCR,CR,CEG,TLLOC,TLOC,TNCL,TNFI,TNM,TNOS,TNPKG,TCLOC,TNDI,WarningBlocker,WarningCritical,WarningMajor,WarningMinor,WarningInfo
MLflow,2.117079058539529,16.989136994568497,10.7954133977067,20.68316234158117,19.106216053108028,31.47857573928787,211.11144118677578,1.251686299626992,1384.016608138538,76.88981156325214,0.07037048039559206,79.59739738976278,2.613584790669583,363,1341,5218.6015625,1072,16189,13254,0.067737877368927,0.06744545698165894,0.07920381426811218,0.0857388898730278,1.0015908479690552,195666,240031,854,1656,10787,71754,707,33286,710,0,9717,8123,5536,0
