h1,h2,N1,N2,vocabulary,length,volume,difficulty,effort,time,bugs,MI,CC
3.4186046511627906,56.76744186046512,38.674418604651166,75.65116279069767,60.18604651162791,114.32558139534883,924.3495457760441,2.117868501745842,5848.548961710786,324.9193867617103,0.3081165152586815,79.69178056912365,2.657233030137312
