h1,h2,N1,N2,vocabulary,length,volume,difficulty,effort,time,bugs,MI,CC
4.59375,76.28125,51.96875,101.65625,80.875,153.625,1242.0947021365594,2.845885799220975,7858.9876672988685,436.61042596104824,0.41403156737885327,72.7108301397599,2.9807624037275335
