h1,h2,N1,N2,vocabulary,length,volume,difficulty,effort,time,bugs,MI,CC
3.3728963684676705,19.861824623560672,13.67227635075288,25.598759964570416,23.234720992028343,39.27103631532329,238.41283516347417,2.1005324785594004,1594.1224756119855,88.56235975622141,0.07947094505449119,74.27588993413049,2.4999784667593863
