h1,h2,N1,N2,vocabulary,length,volume,difficulty,effort,time,bugs,MI,CC
2.828358208955224,16.708955223880597,11.504477611940299,21.540298507462687,19.53731343283582,33.04477611940298,200.78391097259558,1.7627371800598948,1343.2689692460947,74.62605384700525,0.06692797032419834,78.44998239357976,2.4314402569764133
