h1,h2,N1,N2,vocabulary,length,volume,difficulty,effort,time,bugs,MI,CC
2.9356913183279745,19.623794212218648,12.588424437299036,23.659163987138264,22.559485530546624,36.247588424437296,211.22268387413777,1.7551638445677922,964.0852779905402,53.560293221696654,0.07040756129137937,67.43620715541739,3.2464108264639115
