Name,h1,h2,N1,N2,vocabulary,length,volume,difficulty,effort,time,bugs,MI,CC,CCL,CCO,CEE,CI,LDC,LLDC,CLLC,CLC,NCR,CR,CEG,TLLOC,TLOC,TNCL,TNFI,TNM,TNOS,TNPKG,TCLOC,TNDI,WarningBlocker,WarningCritical,WarningMajor,WarningMinor,WarningInfo
D2L,1.5492957746478873,38.70422535211268,27.3943661971831,49.690140845070424,40.25352112676056,77.08450704225352,719.2359781068674,1.0368676033892374,9502.422845144878,527.9123802858265,0.2397453260356225,92.31362291237849,1.7014231100692259,7,135,53.33333206176758,19,549,529,0.05771328881382942,0.04941494017839432,0.2063492089509964,0.3183019459247589,7.987400054931641,9166,11110,195,71,976,4913,63,2300,66,0,199,523,2180,0
