Name,h1,h2,N1,N2,vocabulary,length,volume,difficulty,effort,time,bugs,MI,CC,CCL,CCO,CEE,CI,LDC,LLDC,CC,CLLC,CLC,NCR,CR,CEG,TLLOC,TLOC,TNCL,TNFI,TNM,TNOS,TNPKG,TCLOC,TNDI,WarningBlocker,WarningCritical,WarningMajor,WarningMinor,WarningInfo
D2L,12.222222222222221,305.3333333333333,216.11111111111111,392.0,317.55555555555554,608.1111111111111,5673.9727161763985,8.179733315626207,74963.55800058736,4164.642111143742,1.8913242387254665,39.363025197652505,2.837005985938057,7,135,240.0,19,549,529,0.06688264012336731,0.060734786093235016,0.0523655079305172,0.9285714030265808,1.507347822189331,26.830034255981445,8710,10484,195,5,956,4658,1,2267,5,0,0,0,0,0
