Name,h1,h2,N1,N2,vocabulary,length,volume,difficulty,effort,time,bugs,MI,CC,CCL,CCO,CEE,CI,LDC,LLDC,CLLC,CLC,NCR,CR,CEG,TLLOC,TLOC,TNCL,TNFI,TNM,TNOS,TNPKG,TCLOC,TNDI,WarningBlocker,WarningCritical,WarningMajor,WarningMinor,WarningInfo
FaceSwap,6.053763440860215,39.333333333333336,27.623655913978496,50.215053763440864,45.38709677419355,77.83870967741936,523.7435967290234,3.833551428084614,4691.138502205003,260.6188056780557,0.17458119890967444,69.85052214401178,2.858684516379044,8,46,46.0,16,385,267,0.0037222919054329395,0.004652736708521843,0.11250000447034836,0.0033542450983077288,0.08760925382375717,71730,82747,495,278,3439,25173,65,32249,68,0,674,79,273,0
