Name,h1,h2,N1,N2,vocabulary,length,volume,difficulty,effort,time,bugs,MI,CC,CCL,CCO,CEE,CI,LDC,LLDC,CC,CLLC,CLC,NCR,CR,CEG,TLLOC,TLOC,TNCL,TNFI,TNM,TNOS,TNPKG,TCLOC,TNDI,WarningBlocker,WarningCritical,WarningMajor,WarningMinor,WarningInfo
FaceSwap,6.428015564202335,42.3307392996109,29.77431906614786,54.14785992217899,48.75875486381323,83.92217898832685,566.1156009549859,4.083156674210087,5090.267690002565,282.79264944458714,0.18870520031832858,67.83298189217037,2.8347188966033707,8,46,46.0,16,385,267,0.007546690292656422,0.003900657407939434,0.00488250283524394,0.11250000447034836,0.0035149743780493736,0.09180732816457748,68450,78853,474,250,3269,23823,47,30929,51,0,0,0,0,0
