h1,h2,N1,N2,vocabulary,length,volume,difficulty,effort,time,bugs,MI,CC
5.844444444444444,40.66825396825397,32.06825396825397,58.266666666666666,46.51269841269841,90.33492063492064,628.9617482276899,4.07964430210328,6589.77191377887,366.09843965438216,0.20965391607589634,70.1698035053553,4.565938329758869
