h1,h2,N1,N2,vocabulary,length,volume,difficulty,effort,time,bugs,MI,CC
5.426253687315635,37.78023598820059,29.793510324483776,54.13274336283186,43.206489675516224,83.92625368731564,584.4124435412066,3.7886075373526054,6123.228869246955,340.17938162483125,0.19480414784706865,72.34781873320293,4.518860495147908
