h1,h2,N1,N2,vocabulary,length,volume,difficulty,effort,time,bugs,MI,CC
5.605042016806722,45.61764705882353,37.529411764705884,70.74789915966386,51.22268907563025,108.27731092436974,797.8803822165843,4.338164419022144,9473.92744536832,526.3293025204624,0.265960127405528,65.98904930467297,2.1932651502295673
