h1,h2,N1,N2,vocabulary,length,volume,difficulty,effort,time,bugs,MI,CC
6.04054054054054,49.05855855855856,40.35585585585586,76.09009009009009,55.0990990990991,116.44594594594595,856.4035691968722,4.67409819096368,10157.593249798616,564.3107360999235,0.28546785639895744,63.111954895467655,2.1412385199722466
