h1,h2,N1,N2,vocabulary,length,volume,difficulty,effort,time,bugs,MI,CC
4.517647058823529,31.276470588235295,25.441176470588236,46.305882352941175,35.794117647058826,71.74705882352941,498.4662142887891,3.1221767967492657,5298.219148655791,294.3455082586551,0.16615540476292978,68.04271111837397,3.0232362963476183
