h1,h2,N1,N2,vocabulary,length,volume,difficulty,effort,time,bugs,MI,CC
3.8541666666666665,27.229166666666668,22.203125,40.375,31.083333333333332,62.578125,435.9825516763872,2.667678634748008,4638.290790010216,257.6828216672343,0.14532751722546244,72.27520311041224,2.9421135713493443
