h1,h2,N1,N2,vocabulary,length,volume,difficulty,effort,time,bugs,MI,CC
4.866666666666666,32.95238095238095,24.923809523809524,47.43809523809524,37.819047619047616,72.36190476190477,487.6635354683808,3.5447475545491938,4848.058588628873,269.33658825715963,0.1625545118227936,70.95318952731769,3.9625471310541225
