h1,h2,N1,N2,vocabulary,length,volume,difficulty,effort,time,bugs,MI,CC
6.723684210526316,45.526315789473685,34.43421052631579,65.53947368421052,52.25,99.97368421052632,673.7456740023682,4.897348595100859,6697.975681658311,372.1097600921284,0.22458189133412274,59.86953816274158,4.0103437711668635
