Name,h1,h2,N1,N2,vocabulary,length,volume,difficulty,effort,time,bugs,MI,CC,CCL,CCO,CEE,CI,LDC,LLDC,CLLC,CLC,NCR,CR,CEG,TLLOC,TLOC,TNCL,TNFI,TNM,TNOS,TNPKG,TCLOC,TNDI,WarningBlocker,WarningCritical,WarningMajor,WarningMinor,WarningInfo
Stanza,5.265560165975104,32.54979253112033,22.649377593360995,42.8402489626556,37.815352697095435,65.4896265560166,421.8292581422905,3.42796070179164,3607.3114339753993,200.40619077641105,0.1406097527140969,68.90054751048378,4.303277337743982,25,310,199.4375,64,1307,543,0.009413029067218304,0.017241379246115685,0.18449999392032623,0.05181174725294113,0.978379487991333,57686,75806,260,481,2991,30167,59,15122,62,0,2414,2100,5754,0
