Name,h1,h2,N1,N2,vocabulary,length,volume,difficulty,effort,time,bugs,MI,CC,CCL,CCO,CEE,CI,LDC,LLDC,CC,CLLC,CLC,NCR,CR,CEG,TLLOC,TLOC,TNCL,TNFI,TNM,TNOS,TNPKG,TCLOC,TNDI,WarningBlocker,WarningCritical,WarningMajor,WarningMinor,WarningInfo
Stanza,5.375527426160337,33.15822784810127,23.071729957805907,43.63291139240506,38.5337552742616,66.70464135021098,429.372132734171,3.4978035368046174,3669.1547333276076,203.84192962931147,0.14312404424472375,68.27221572740878,4.347537457852669,25,310,199.4375,64,1307,543,0.008133195340633392,0.00960348080843687,0.0175662599503994,0.18449999392032623,0.052860043942928314,0.9981734752655029,56542,74404,260,461,2961,29781,51,14752,55,0,0,0,0,0
