h1,h2,N1,N2,vocabulary,length,volume,difficulty,effort,time,bugs,MI,CC
4.423676012461059,23.123052959501557,17.950934579439252,33.112928348909655,27.546728971962615,51.06386292834891,309.1787397968756,3.094065805863134,2421.386884653562,134.52149359186504,0.1030595799322916,67.6106728694973,2.511607589668547
