h1,h2,N1,N2,vocabulary,length,volume,difficulty,effort,time,bugs,MI,CC
4.897084048027445,25.52572898799314,19.80703259005146,36.54202401372213,30.42281303602058,56.34905660377358,340.97633268418235,3.4233394751814727,2668.4887667015455,148.24937592786418,0.1136587775613938,64.18755538171065,2.504491522188562
