h1,h2,N1,N2,vocabulary,length,volume,difficulty,effort,time,bugs,MI,CC
4.426978818283166,22.896321070234112,18.11371237458194,32.869565217391305,27.32329988851728,50.98327759197324,303.5430627341971,3.1120369895653783,2276.181111486943,126.45450619371893,0.10118102091139901,62.96135459732774,2.6438958803664123
