h1,h2,N1,N2,vocabulary,length,volume,difficulty,effort,time,bugs,MI,CC
3.022222222222222,19.384444444444444,12.757777777777777,24.32,22.406666666666666,37.077777777777776,245.99416559783694,1.910887928076163,1885.4068640834807,104.74482578241567,0.08199805519927907,70.07178940495835,3.145456643479075
