h1,h2,N1,N2,vocabulary,length,volume,difficulty,effort,time,bugs,MI,CC
1.4181438998957248,9.211678832116789,6.020855057351408,11.494264859228362,10.629822732012514,17.51511991657977,116.45307724479063,0.8930579056416135,871.2395772647465,48.40219873693039,0.03881769241493025,85.9168776229571,3.1280430116659588
