h1,h2,N1,N2,vocabulary,length,volume,difficulty,effort,time,bugs,MI,CC
2.512,11.986666666666666,8.189333333333334,15.685333333333332,14.498666666666667,23.874666666666666,125.41319730848629,1.5718141088577504,574.6428398514742,31.924602213970793,0.04180439910282923,78.04839690727809,2.1813636986233473
