h1,h2,N1,N2,vocabulary,length,volume,difficulty,effort,time,bugs,MI,CC
1.293956043956044,6.178571428571429,4.21978021978022,8.082417582417582,7.472527472527473,12.302197802197803,64.64312464799482,0.8092481288405894,296.1719639286979,16.45399799603878,0.021547708215998513,88.6930276749295,1.979717568101829
