h1,h2,N1,N2,vocabulary,length,volume,difficulty,effort,time,bugs,MI,CC
5.19774011299435,30.508474576271187,21.666666666666668,41.13559322033898,35.706214689265536,62.80225988700565,391.3328862767593,3.433672289618976,3086.74445003248,171.4858027795822,0.13044429542558655,68.70540458569407,2.703454648043135
