h1,h2,N1,N2,vocabulary,length,volume,difficulty,effort,time,bugs,MI,CC
3.4328358208955225,20.149253731343283,14.309701492537313,27.167910447761194,23.582089552238806,41.47761194029851,258.4549286230836,2.267761176352831,2038.6334614020484,113.257414522336,0.08615164287436126,79.33155452114872,2.623961560105763
