h1,h2,N1,N2,vocabulary,length,volume,difficulty,effort,time,bugs,MI,CC
3.4263565891472867,20.8062015503876,14.782945736434108,28.527131782945737,24.232558139534884,43.310077519379846,271.37427310936584,2.257996391704885,2009.5520984822779,111.64178324901549,0.09045809103645529,80.35316726770772,2.6843129933983536
