h1,h2,N1,N2,vocabulary,length,volume,difficulty,effort,time,bugs,MI,CC
4.625,30.375,23.058333333333334,44.46666666666667,35.0,67.525,441.0819390998456,3.2089005802503894,4109.294559829353,228.2941422127418,0.14702731303328184,73.35481233696721,3.5670493859468753
