Name,h1,h2,N1,N2,vocabulary,length,volume,difficulty,effort,time,bugs,MI,CC,CCL,CCO,CEE,CI,LDC,LLDC,CC,CLLC,CLC,NCR,CR,CEG,TLLOC,TLOC,TNCL,TNFI,TNM,TNOS,TNPKG,TCLOC,TNDI,WarningBlocker,WarningCritical,WarningMajor,WarningMinor,WarningInfo
Redash,2.99644128113879,11.153024911032029,6.98932384341637,13.227758007117437,14.149466192170818,20.21708185053381,101.63773452306614,1.7563837355301775,557.0932538492856,30.949625213849163,0.03387924484102207,66.31196816707917,2.3386640313084603,12,83,70.42857360839844,26,661,467,0.013984831981360912,0.015147583559155464,0.01692398265004158,0.2579365074634552,0.04780130833387375,1.1234736442565918,30830,39057,469,252,2406,13439,21,1576,25,0,0,0,0,0
