Name,h1,h2,N1,N2,vocabulary,length,volume,difficulty,effort,time,bugs,MI,CC,CCL,CCO,CEE,CI,LDC,LLDC,CLLC,CLC,NCR,CR,CEG,TLLOC,TLOC,TNCL,TNFI,TNM,TNOS,TNPKG,TCLOC,TNDI,WarningBlocker,WarningCritical,WarningMajor,WarningMinor,WarningInfo
Redash,1.6894273127753303,5.97136563876652,3.6806167400881056,6.958149779735683,7.6607929515418505,10.638766519823788,50.49610361474836,0.982994152215597,211.17612617638935,11.732007009799421,0.016832034538249448,80.31094130748976,2.4053691824922643,12,83,30.8125,26,661,467,0.016128474846482277,0.017857626080513,0.1128472238779068,0.022267311811447144,0.6495774388313293,28955,37015,442,454,2231,12717,194,1579,197,0,703,486,1942,0
