h1,h2,N1,N2,vocabulary,length,volume,difficulty,effort,time,bugs,MI,CC
5.728323699421965,42.31791907514451,70.98265895953757,96.38150289017341,48.04624277456647,167.364161849711,743.1807922158748,20.621362991272214,191935.77461445105,10663.098589691723,0.24772693073862503,62.0035889488994,3.306220334273036
