h1,h2,N1,N2,vocabulary,length,volume,difficulty,effort,time,bugs,MI,CC
3.6356877323420074,27.16728624535316,45.60223048327138,61.9368029739777,30.802973977695167,107.53903345724908,477.8597659975701,13.237902592899975,123438.20077434956,6857.6778207971975,0.15928658866585674,76.28251702704412,3.1843828728408137
