Name,h1,h2,N1,N2,vocabulary,length,volume,difficulty,effort,time,bugs,MI,CC,CCL,CCO,CEE,CI,LDC,LLDC,CC,CLLC,CLC,NCR,CR,CEG,TLLOC,TLOC,TNCL,TNFI,TNM,TNOS,TNPKG,TCLOC,TNDI,WarningBlocker,WarningCritical,WarningMajor,WarningMinor,WarningInfo
PyCaret,4.517647058823529,31.276470588235295,25.441176470588236,46.305882352941175,35.794117647058826,71.74705882352941,498.4662142887891,3.1221767967492657,5298.219148655791,294.3455082586551,0.16615540476292978,68.04271111837397,3.0232362963476183,77,894,7482.98681640625,198,5268,3891,0.11364755034446716,0.07160602509975433,0.08508576452732086,0.29383519291877747,0.5211842060089111,5.835979461669922,54339,61914,263,107,1448,11807,27,25645,31,0,0,0,0,0
