Name,h1,h2,N1,N2,vocabulary,length,volume,difficulty,effort,time,bugs,MI,CC,CCL,CCO,CEE,CI,LDC,LLDC,CLLC,CLC,NCR,CR,CEG,TLLOC,TLOC,TNCL,TNFI,TNM,TNOS,TNPKG,TCLOC,TNDI,WarningBlocker,WarningCritical,WarningMajor,WarningMinor,WarningInfo
PyCaret,3.8541666666666665,27.229166666666668,22.203125,40.375,31.083333333333332,62.578125,435.9825516763872,2.667678634748008,4638.290790010216,257.6828216672343,0.14532751722546244,72.27520311041224,2.9421135713493443,109,1028,7378.716796875,273,6868,5306,0.08723530173301697,0.09568258374929428,0.2023584544658661,0.404217928647995,4.5354204177856445,60824,71779,260,192,1765,15388,49,27303,52,0,1092,954,2107,0
