Name,h1,h2,N1,N2,vocabulary,length,volume,difficulty,effort,time,bugs,MI,CC,CCL,CCO,CEE,CI,LDC,LLDC,CC,CLLC,CLC,NCR,CR,CEG,TLLOC,TLOC,TNCL,TNFI,TNM,TNOS,TNPKG,TCLOC,TNDI,WarningBlocker,WarningCritical,WarningMajor,WarningMinor,WarningInfo
DeepMind Control,4.731343283582089,22.591044776119404,16.93134328358209,30.376119402985076,27.322388059701492,47.30746268656716,289.8757214522104,3.048510367489821,2433.0139088156548,135.16743937864746,0.09662524048407037,72.5068145491167,2.210311872292172,12,37,58.375,25,558,492,0.01225489191710949,0.011730764992535114,0.0097701046615839,0.1770833283662796,0.008446388877928257,0.20768649876117706,41941,57113,504,313,3452,17581,43,14310,47,0,0,0,0,0
