Name,h1,h2,N1,N2,vocabulary,length,volume,difficulty,effort,time,bugs,MI,CC,CCL,CCO,CEE,CI,LDC,LLDC,CLLC,CLC,NCR,CR,CEG,TLLOC,TLOC,TNCL,TNFI,TNM,TNOS,TNPKG,TCLOC,TNDI,WarningBlocker,WarningCritical,WarningMajor,WarningMinor,WarningInfo
DeepMind Control,4.141333333333334,19.944,14.970666666666666,26.837333333333333,24.085333333333335,41.808,257.1768407174174,2.6699352548902335,2167.9714053664275,120.44285585369038,0.0857256135724726,76.0331423082232,2.219804181755007,13,57,59.583335876464844,27,606,540,0.011872045695781708,0.009929054416716099,0.13461539149284363,0.012227474711835384,0.29915130138397217,45485,61033,530,375,3599,19790,84,14180,87,0,141,27485,1467,0
