h1,h2,N1,N2,vocabulary,length,volume,difficulty,effort,time,bugs,MI,CC
0.8230088495575221,6.289085545722714,4.017699115044247,7.377581120943953,7.112094395280236,11.395280235988201,73.8755140551512,0.46908252124329614,436.7484087658389,24.26380048699106,0.024625171351717063,89.63542399230252,3.0873740794556763
