h1,h2,N1,N2,vocabulary,length,volume,difficulty,effort,time,bugs,MI,CC
0.5481335952848723,4.18860510805501,2.675834970530452,4.913555992141454,4.736738703339882,7.589390962671906,49.20196319193764,0.3124144886080106,290.8795885493505,16.159977141630588,0.01640065439731254,93.09707020312486,3.0645914941126415
