h1,h2,N1,N2,vocabulary,length,volume,difficulty,effort,time,bugs,MI,CC
6.666666666666667,51.97427652733119,39.07931404072883,71.33976420150053,58.640943193997856,110.41907824222936,786.5276744564768,4.544204953225795,8125.792743466393,451.4329301925769,0.26217589148549225,63.478248218280235,2.92957557074345
