h1,h2,N1,N2,vocabulary,length,volume,difficulty,effort,time,bugs,MI,CC
6.089478859390364,47.581120943952804,35.80137659783677,65.34611602753196,53.670599803343165,101.14749262536873,720.8117380519452,4.153817491048065,7451.790321023652,413.9883511679805,0.2402705793506485,66.64270529761225,2.922112058173359
