h1,h2,N1,N2,vocabulary,length,volume,difficulty,effort,time,bugs,MI,CC
5.235521235521236,32.640926640926644,25.301158301158303,47.59073359073359,37.87644787644788,72.89189189189189,480.95931963159643,3.8330124588428554,4426.69587077434,245.92754837635235,0.1603197732105323,68.54879378693946,2.529481202716202
