h1,h2,N1,N2,vocabulary,length,volume,difficulty,effort,time,bugs,MI,CC
4.5864406779661016,28.627118644067796,22.196610169491525,41.74576271186441,33.2135593220339,63.94237288135593,422.0715402866845,3.3590403169727665,3886.132446205196,215.8962470113999,0.14069051342889502,72.48914714170715,2.4669794195926746
