h1,h2,N1,N2,vocabulary,length,volume,difficulty,effort,time,bugs,MI,CC
2.9215686274509802,23.137254901960784,15.03921568627451,27.980392156862745,26.058823529411764,43.01960784313726,303.34861831828795,1.8045303966022819,2687.4834052152582,149.30463362306992,0.101116206106096,79.35033539860378,2.8503329747658426
