h1,h2,N1,N2,vocabulary,length,volume,difficulty,effort,time,bugs,MI,CC
1.9102564102564104,15.128205128205128,9.833333333333334,18.294871794871796,17.03846153846154,28.128205128205128,198.3433273619575,1.1798852593168765,1757.2006880253612,97.6222604458534,0.06611444245398583,86.498296222164,2.339941881554948
