Name,h1,h2,N1,N2,vocabulary,length,volume,difficulty,effort,time,bugs,MI,CC,CCL,CCO,CEE,CI,LDC,LLDC,CC,CLLC,CLC,NCR,CR,CEG,TLLOC,TLOC,TNCL,TNFI,TNM,TNOS,TNPKG,TCLOC,TNDI,WarningBlocker,WarningCritical,WarningMajor,WarningMinor,WarningInfo
PyMC,7.558252427184466,64.74757281553399,49.13106796116505,89.42233009708738,72.30582524271844,138.55339805825244,1018.275334654648,5.003630710459065,10545.861484594205,585.8811935885665,0.3394251115515496,59.115803254414715,3.0687748891460385,12,66,49.25,24,634,422,0.007502610795199871,0.006548930890858173,0.007783725392073393,0.1354166716337204,0.0069834571331739426,0.1792048215866089,64438,81452,709,192,3512,24753,31,20575,35,0,0,0,0,0
