Name,h1,h2,N1,N2,vocabulary,length,volume,difficulty,effort,time,bugs,MI,CC,CCL,CCO,CEE,CI,LDC,LLDC,CLLC,CLC,NCR,CR,CEG,TLLOC,TLOC,TNCL,TNFI,TNM,TNOS,TNPKG,TCLOC,TNDI,WarningBlocker,WarningCritical,WarningMajor,WarningMinor,WarningInfo
PyMC,6.793859649122807,58.43421052631579,44.35087719298246,80.7280701754386,65.2280701754386,125.07894736842105,919.7017498883869,4.503280378748102,9527.717699729254,529.3176499849582,0.30656724996279583,63.324464554712556,3.244879279664624,23,250,149.33334350585938,46,1506,1152,0.017338169738650322,0.017922384664416313,0.21256038546562195,0.10885186493396759,2.174006938934326,66443,84029,724,223,3566,25545,54,21055,57,0,4428,1771,5679,0
