h1,h2,N1,N2,vocabulary,length,volume,difficulty,effort,time,bugs,MI,CC
3.953125,19.791666666666668,14.26736111111111,26.70486111111111,23.744791666666668,40.97222222222222,256.98936565129884,2.6002013966584516,2339.995716678479,129.99976203769307,0.0856631218837664,78.65301708386704,3.879718776056075
