h1,h2,N1,N2,vocabulary,length,volume,difficulty,effort,time,bugs,MI,CC
4.641129032258065,23.056451612903224,16.625,31.08467741935484,27.697580645161292,47.70967741935484,298.73448922945374,3.0447903316033633,2717.804800142732,150.98915556348487,0.09957816307648473,75.03768545094901,3.8253672217700863
