Name,h1,h2,N1,N2,vocabulary,length,volume,difficulty,effort,time,bugs,MI,CC,CCL,CCO,CEE,CI,LDC,LLDC,CLLC,CLC,NCR,CR,CEG,TLLOC,TLOC,TNCL,TNFI,TNM,TNOS,TNPKG,TCLOC,TNDI,WarningBlocker,WarningCritical,WarningMajor,WarningMinor,WarningInfo
Optuna,4.417948717948718,26.182051282051283,19.73076923076923,36.717948717948715,30.6,56.44871794871795,364.54366084585973,3.001935737316209,3068.3271429778183,170.46261905432328,0.12151455361528654,71.60930726184158,3.2148348845094485,44,330,550.727294921875,96,2743,1757,0.03464526683092117,0.04262162744998932,0.1597796231508255,0.09862437099218369,1.5625511407852173,50714,64357,303,386,2717,19404,79,12407,82,0,2690,1258,1851,0
