Name,h1,h2,N1,N2,vocabulary,length,volume,difficulty,effort,time,bugs,MI,CC,CCL,CCO,CEE,CI,LDC,LLDC,CC,CLLC,CLC,NCR,CR,CEG,TLLOC,TLOC,TNCL,TNFI,TNM,TNOS,TNPKG,TCLOC,TNDI,WarningBlocker,WarningCritical,WarningMajor,WarningMinor,WarningInfo
Optuna,4.68595041322314,27.691460055096417,20.881542699724516,38.853994490358126,32.37741046831956,59.735537190082646,385.3273402994615,3.181385028622828,3232.8336965331896,179.60187202962172,0.12844244676648717,69.47254940717055,3.228212348771765,38,319,570.2222290039062,81,2441,1525,0.03697945922613144,0.031913112848997116,0.04167876020073891,0.19103313982486725,0.12363918870687485,1.9480465650558472,47786,58567,238,319,2513,18026,54,10660,58,0,0,0,0,0
