h1,h2,N1,N2,vocabulary,length,volume,difficulty,effort,time,bugs,MI,CC
2.9345549738219896,21.56151832460733,13.674083769633508,25.29581151832461,24.49607329842932,38.96989528795812,249.90645589360733,1.7084040203395123,1469.8678704692156,81.65932613717868,0.08330215196453566,74.76965648979406,2.3315981811636997
