h1,h2,N1,N2,vocabulary,length,volume,difficulty,effort,time,bugs,MI,CC
3.7667785234899327,27.64765100671141,17.533557046979865,32.43624161073826,31.414429530201343,49.96979865771812,320.39518842737584,2.1929877039251466,1884.2745856350348,104.68192142416864,0.10679839614245848,67.64149231462494,2.578480048846068
