h1,h2,N1,N2,vocabulary,length,volume,difficulty,effort,time,bugs,MI,CC
6.51192842942346,30.887673956262425,23.809145129224653,43.94333996023857,37.39960238568588,67.75248508946322,427.36623490041103,4.482920685356368,4521.928396268149,251.21824423711905,0.14245541163347025,65.31341520374933,3.528860880799906
