h1,h2,N1,N2,vocabulary,length,volume,difficulty,effort,time,bugs,MI,CC
5.2793755135579294,25.221035332785537,19.48644207066557,35.9695973705834,30.500410846343467,55.456039441248976,350.57381229750547,3.6487565161558737,3725.3495665471432,206.96386480817435,0.11685793743250172,71.77311875649264,3.537567504479806
