h1,h2,N1,N2,vocabulary,length,volume,difficulty,effort,time,bugs,MI,CC
5.276134122287968,32.88560157790927,25.63905325443787,48.036489151873766,38.16173570019724,73.67554240631164,488.5131173325977,3.7778142529019947,4737.156001027134,263.1753333903968,0.16283770577753195,72.02392101612973,4.149789739008691
