h1,h2,N1,N2,vocabulary,length,volume,difficulty,effort,time,bugs,MI,CC
3.7214285714285715,14.735714285714286,10.285714285714286,18.87142857142857,18.457142857142856,29.15714285714286,153.13348899383428,2.40723052492739,881.1349908987655,48.9519439388203,0.051044496331278055,73.50431277856708,1.9957557310361351
