h1,h2,N1,N2,vocabulary,length,volume,difficulty,effort,time,bugs,MI,CC
2.8010752688172045,11.091397849462366,7.741935483870968,14.204301075268818,13.89247311827957,21.946236559139784,115.26176590933764,1.8118939434937344,663.2198856227267,36.84554920126259,0.03842058863644585,80.05700961827628,1.992426978643608
