h1,h2,N1,N2,vocabulary,length,volume,difficulty,effort,time,bugs,MI,CC
2.9964788732394365,17.883802816901408,12.908450704225352,24.193661971830984,20.880281690140844,37.102112676056336,241.00977287996557,1.9821301485172858,2366.764327240509,131.48690706891713,0.08033659095998852,82.79167630947117,3.3974522002025234
