h1,h2,N1,N2,vocabulary,length,volume,difficulty,effort,time,bugs,MI,CC
4.264705882352941,25.205882352941178,18.205882352941178,34.1078431372549,29.470588235294116,52.31372549019608,339.4164610531157,2.8225165844683366,3338.405079793106,185.46694887739469,0.11313882035103856,75.73790483096961,3.4304969312765037
