h1,h2,N1,N2,vocabulary,length,volume,difficulty,effort,time,bugs,MI,CC
2.507042253521127,11.43661971830986,7.126760563380282,13.394366197183098,13.943661971830986,20.52112676056338,103.94544652095053,1.4689218075669634,475.1526457989308,26.397369211051718,0.034648482173650165,79.34297999992233,2.9960456557927237
