h1,h2,N1,N2,vocabulary,length,volume,difficulty,effort,time,bugs,MI,CC
3.0034129692832763,20.092150170648463,14.023890784982935,26.208191126279864,23.09556313993174,40.232081911262796,246.65245624521035,1.9881070830170422,1610.5185117357034,89.47325065198365,0.08221748541507014,78.573675801717,2.7852952925345007
