h1,h2,N1,N2,vocabulary,length,volume,difficulty,effort,time,bugs,MI,CC
3.7016806722689077,24.743697478991596,17.26890756302521,32.273109243697476,28.445378151260503,49.54201680672269,303.67195196365043,2.449644434134426,1982.7071486651773,110.15039714806555,0.1012239839878835,73.60270182788044,2.940219042830836
