Name,h1,h2,N1,N2,vocabulary,length,volume,difficulty,effort,time,bugs,MI,CC,CCL,CCO,CEE,CI,LDC,LLDC,CLLC,CLC,NCR,CR,CEG,TLLOC,TLOC,TNCL,TNFI,TNM,TNOS,TNPKG,TCLOC,TNDI,WarningBlocker,WarningCritical,WarningMajor,WarningMinor,WarningInfo
Kserve,1.293956043956044,6.178571428571429,4.21978021978022,8.082417582417582,7.472527472527473,12.302197802197803,64.64312464799482,0.8092481288405894,296.1719639286979,16.45399799603878,0.021547708215998513,88.6930276749295,1.979717568101829,165,24027,3757225.5,1672,8854,8127,0.14794385433197021,0.12554769217967987,0.10297827422618866,39.773929595947266,98.9605712890625,54933,70523,303,728,3609,14030,394,22860,397,0,887,904,5494,0
