Name,h1,h2,N1,N2,vocabulary,length,volume,difficulty,effort,time,bugs,MI,CC,CCL,CCO,CEE,CI,LDC,LLDC,CC,CLLC,CLC,NCR,CR,CEG,TLLOC,TLOC,TNCL,TNFI,TNM,TNOS,TNPKG,TCLOC,TNDI,WarningBlocker,WarningCritical,WarningMajor,WarningMinor,WarningInfo
Camel,2.6783625730994154,11.865497076023392,7.853801169590644,15.046783625730994,14.543859649122806,22.900584795321638,113.57207781303524,1.7158497552184193,542.1066078609084,30.117033770050476,0.03785735927101173,81.56245314218097,2.7917463719622244,1,6,1.0,2,46,28,0.004939871374517679,0.0035260042641311884,0.004546802490949631,0.1666666716337204,0.005792721640318632,100.0,7941,10117,90,79,329,1775,19,4221,23,0,0,0,0,0
