Name,h1,h2,N1,N2,vocabulary,length,volume,difficulty,effort,time,bugs,MI,CC,CCL,CCO,CEE,CI,LDC,LLDC,CLLC,CLC,NCR,CR,CEG,TLLOC,TLOC,TNCL,TNFI,TNM,TNOS,TNPKG,TCLOC,TNDI,WarningBlocker,WarningCritical,WarningMajor,WarningMinor,WarningInfo
Camel,2.110599078341014,9.350230414746544,6.188940092165899,11.857142857142858,11.460829493087557,18.046082949308754,89.49689081119367,1.3521212356790309,427.1899997429278,23.732777763495996,0.029832296937064542,85.47087321342376,2.7772250173639015,10,138,941.75,29,746,524,0.03730599582195282,0.03915804997086525,0.34285715222358704,0.5882813930511475,8.569811820983887,14046,19051,98,217,682,4713,65,5795,68,0,389,158,314,0
