Name,h1,h2,N1,N2,vocabulary,length,volume,difficulty,effort,time,bugs,MI,CC,CCL,CCO,CEE,CI,LDC,LLDC,CC,CLLC,CLC,NCR,CR,CEG,TLLOC,TLOC,TNCL,TNFI,TNM,TNOS,TNPKG,TCLOC,TNDI,WarningBlocker,WarningCritical,WarningMajor,WarningMinor,WarningInfo
imbalanced-learn,3.676258992805755,24.035971223021583,18.294964028776977,29.453237410071942,27.712230215827336,47.74820143884892,284.4090377550591,2.31490811928076,1481.1319719778917,82.2851095543273,0.09480301258501973,73.25138167153126,2.718457143998677,18,65,44.375,38,1394,1006,0.06117796525359154,0.04573766887187958,0.05256013944745064,0.2986111044883728,0.053455330431461334,1.4093422889709473,21995,26522,97,117,855,6003,25,8491,29,0,0,0,0,0
