Name,h1,h2,N1,N2,vocabulary,length,volume,difficulty,effort,time,bugs,MI,CC,CCL,CCO,CEE,CI,LDC,LLDC,CLLC,CLC,NCR,CR,CEG,TLLOC,TLOC,TNCL,TNFI,TNM,TNOS,TNPKG,TCLOC,TNDI,WarningBlocker,WarningCritical,WarningMajor,WarningMinor,WarningInfo
imbalanced-learn,3.0783132530120483,20.126506024096386,15.319277108433734,24.662650602409638,23.204819277108435,39.98192771084337,238.14973643345309,1.9383869191567809,1240.2249644875117,68.90138691597286,0.07938324547781772,77.60206055628223,2.8465594370051726,24,88,111.11111450195312,53,1648,1230,0.05088953301310539,0.05359349772334099,0.25462964177131653,0.05260423943400383,1.1166906356811523,24170,30750,97,171,894,6343,52,9775,55,0,184,602,1713,0
