Name,h1,h2,N1,N2,vocabulary,length,volume,difficulty,effort,time,bugs,MI,CC,CCL,CCO,CEE,CI,LDC,LLDC,CC,CLLC,CLC,NCR,CR,CEG,TLLOC,TLOC,TNCL,TNFI,TNM,TNOS,TNPKG,TCLOC,TNDI,WarningBlocker,WarningCritical,WarningMajor,WarningMinor,WarningInfo
Ludwig,3.3440860215053765,19.506912442396313,13.351766513056836,25.222734254992318,22.85099846390169,38.574500768049155,239.07963958459877,2.123418587966955,1933.204527533323,107.40025152962902,0.07969321319486625,74.05278329865992,2.5000336293271452,204,1362,4787.455078125,662,11664,9472,0.0927024856209755,0.0948309525847435,0.09131619334220886,0.1439659148454666,0.23238074779510498,2.741671562194824,99883,127732,1084,553,5368,31249,61,20430,65,0,0,0,0,0
