Name,h1,h2,N1,N2,vocabulary,length,volume,difficulty,effort,time,bugs,MI,CC,CCL,CCO,CEE,CI,LDC,LLDC,CLLC,CLC,NCR,CR,CEG,TLLOC,TLOC,TNCL,TNFI,TNM,TNOS,TNPKG,TCLOC,TNDI,WarningBlocker,WarningCritical,WarningMajor,WarningMinor,WarningInfo
Ludwig,2.931972789115646,17.12108843537415,11.727891156462585,22.153741496598638,20.053061224489795,33.881632653061224,210.1035668122571,1.86339007889186,1704.069198861445,94.67051104785799,0.07003452227075237,77.24356026822515,2.3703396056093293,215,1399,3975.0087890625,690,12667,9992,0.09387712925672531,0.0929524376988411,0.12275747954845428,0.1889277994632721,2.2791993618011475,106437,136274,1106,733,5563,32918,145,21052,148,0,4933,2209,8468,0
