Name,h1,h2,N1,N2,vocabulary,length,volume,difficulty,effort,time,bugs,MI,CC,CCL,CCO,CEE,CI,LDC,LLDC,CC,CLLC,CLC,NCR,CR,CEG,TLLOC,TLOC,TNCL,TNFI,TNM,TNOS,TNPKG,TCLOC,TNDI,WarningBlocker,WarningCritical,WarningMajor,WarningMinor,WarningInfo
Bokeh,2.1790220820189274,15.152996845425868,10.57570977917981,19.60173501577287,17.332018927444796,30.17744479495268,179.59803197991042,1.3953821901788555,731.7069687496964,40.65038715276092,0.059866010659970055,79.47333500401214,2.1074403310892174,30,87,265.0952453613281,77,1563,1155,0.1342722624540329,0.12738502025604248,0.10330469161272049,0.19333334267139435,0.1474788337945938,2.6423323154449463,9067,15130,98,114,746,5437,12,2976,16,0,0,0,0,0
