Name,h1,h2,N1,N2,vocabulary,length,volume,difficulty,effort,time,bugs,MI,CC,CCL,CCO,CEE,CI,LDC,LLDC,CLLC,CLC,NCR,CR,CEG,TLLOC,TLOC,TNCL,TNFI,TNM,TNOS,TNPKG,TCLOC,TNDI,WarningBlocker,WarningCritical,WarningMajor,WarningMinor,WarningInfo
Bokeh,1.6798780487804879,11.704878048780488,8.170731707317072,15.144512195121951,13.384756097560976,23.315243902439025,138.80387375452622,1.0764296446017003,565.6254177996962,31.42363432220535,0.04626795791817535,84.17496475993441,2.135700455362196,147,459,252.1875,404,8692,5623,0.05708397552371025,0.057174429297447205,0.10839812457561493,0.05262666940689087,0.9515992403030396,98504,152026,1491,1624,6243,33119,422,44318,425,0,2869,2791,11479,0
