Name,h1,h2,N1,N2,vocabulary,length,volume,difficulty,effort,time,bugs,MI,CC,CCL,CCO,CEE,CI,LDC,LLDC,CC,CLLC,CLC,NCR,CR,CEG,TLLOC,TLOC,TNCL,TNFI,TNM,TNOS,TNPKG,TCLOC,TNDI,WarningBlocker,WarningCritical,WarningMajor,WarningMinor,WarningInfo
Gradio,3.022222222222222,19.384444444444444,12.757777777777777,24.32,22.406666666666666,37.077777777777776,245.99416559783694,1.910887928076163,1885.4068640834807,104.74482578241567,0.08199805519927907,70.07178940495835,3.145456643479075,85,4395,1149149.125,300,1927,1762,0.03952498733997345,0.04912867769598961,0.04667328670620918,0.1352941244840622,5.5762200355529785,37.96059799194336,35865,41287,348,154,1670,12193,14,4551,18,0,0,0,0,0
