Name,h1,h2,N1,N2,vocabulary,length,volume,difficulty,effort,time,bugs,MI,CC,CCL,CCO,CEE,CI,LDC,LLDC,CLLC,CLC,NCR,CR,CEG,TLLOC,TLOC,TNCL,TNFI,TNM,TNOS,TNPKG,TCLOC,TNDI,WarningBlocker,WarningCritical,WarningMajor,WarningMinor,WarningInfo
Gradio,1.4181438998957248,9.211678832116789,6.020855057351408,11.494264859228362,10.629822732012514,17.51511991657977,116.45307724479063,0.8930579056416135,871.2395772647465,48.40219873693039,0.03881769241493025,85.9168776229571,3.1280430116659588,91,4423,612906.375,312,2279,2056,0.03472151979804039,0.033424753695726395,0.07985348254442215,1.8067090511322021,13.475343704223633,59214,68183,399,959,2391,16154,529,5559,532,0,3737,758,3777,0
