h1,h2,N1,N2,vocabulary,length,volume,difficulty,effort,time,bugs,MI,CC
4.731343283582089,22.591044776119404,16.93134328358209,30.376119402985076,27.322388059701492,47.30746268656716,289.8757214522104,3.048510367489821,2433.0139088156548,135.16743937864746,0.09662524048407037,72.5068145491167,2.210311872292172
