h1,h2,N1,N2,vocabulary,length,volume,difficulty,effort,time,bugs,MI,CC
4.141333333333334,19.944,14.970666666666666,26.837333333333333,24.085333333333335,41.808,257.1768407174174,2.6699352548902335,2167.9714053664275,120.44285585369038,0.0857256135724726,76.0331423082232,2.219804181755007
