h1,h2,N1,N2,vocabulary,length,volume,difficulty,effort,time,bugs,MI,CC
1.6798780487804879,11.704878048780488,8.170731707317072,15.144512195121951,13.384756097560976,23.315243902439025,138.80387375452622,1.0764296446017003,565.6254177996962,31.42363432220535,0.04626795791817535,84.17496475993441,2.135700455362196
