h1,h2,N1,N2,vocabulary,length,volume,difficulty,effort,time,bugs,MI,CC
2.1790220820189274,15.152996845425868,10.57570977917981,19.60173501577287,17.332018927444796,30.17744479495268,179.59803197991042,1.3953821901788555,731.7069687496964,40.65038715276092,0.059866010659970055,79.47333500401214,2.1074403310892174
