Name,h1,h2,N1,N2,vocabulary,length,volume,difficulty,effort,time,bugs,MI,CC,CCL,CCO,CEE,CI,LDC,LLDC,CC,CLLC,CLC,NCR,CR,CEG,TLLOC,TLOC,TNCL,TNFI,TNM,TNOS,TNPKG,TCLOC,TNDI,WarningBlocker,WarningCritical,WarningMajor,WarningMinor,WarningInfo
TPOT,2.9215686274509802,23.137254901960784,15.03921568627451,27.980392156862745,26.058823529411764,43.01960784313726,303.34861831828795,1.8045303966022819,2687.4834052152582,149.30463362306992,0.101116206106096,79.35033539860378,2.8503329747658426,1,2,10.5,2,44,34,0.016966629773378372,0.006171719171106815,0.0060051861219108105,0.25,0.003993465099483728,0.1698351353406906,5509,7327,19,31,146,1514,3,2454,7,0,0,0,0,0
