Name,h1,h2,N1,N2,vocabulary,length,volume,difficulty,effort,time,bugs,MI,CC,CCL,CCO,CEE,CI,LDC,LLDC,CLLC,CLC,NCR,CR,CEG,TLLOC,TLOC,TNCL,TNFI,TNM,TNOS,TNPKG,TCLOC,TNDI,WarningBlocker,WarningCritical,WarningMajor,WarningMinor,WarningInfo
TPOT,1.9102564102564104,15.128205128205128,9.833333333333334,18.294871794871796,17.03846153846154,28.128205128205128,198.3433273619575,1.1798852593168765,1757.2006880253612,97.6222604458534,0.06611444245398583,86.498296222164,2.339941881554948,10,36,45.66666793823242,28,581,308,0.03356216475367546,0.04768157750368118,0.1111111119389534,0.040197111666202545,1.051864743232727,9177,12185,21,78,386,2956,30,3033,33,0,55,708,588,0
