Name,h1,h2,N1,N2,vocabulary,length,volume,difficulty,effort,time,bugs,MI,CC,CCL,CCO,CEE,CI,LDC,LLDC,CLLC,CLC,NCR,CR,CEG,TLLOC,TLOC,TNCL,TNFI,TNM,TNOS,TNPKG,TCLOC,TNDI,WarningBlocker,WarningCritical,WarningMajor,WarningMinor,WarningInfo
metatransformer,4.740701381509033,29.06163655685441,24.090329436769395,44.0403825717322,33.80233793836344,68.13071200850159,455.63708211386887,3.516830313351818,4811.326035234375,267.2958908463544,0.15187902737128955,76.47589351516353,4.020176772823192,239,2425,5190.9443359375,574,17423,14487,0.14812277257442474,0.14528732001781464,0.18711452186107635,0.4072684347629547,4.757179260253906,97804,119921,932,940,4319,48958,300,18818,303,0,3076,2723,12464,0
