h1,h2,N1,N2,vocabulary,length,volume,difficulty,effort,time,bugs,MI,CC
6.291845493562231,55.802575107296136,43.99141630901288,79.80257510729614,62.09442060085837,123.79399141630901,910.182011387787,4.420633648078297,8921.88567572061,495.6603153178116,0.3033940037959289,64.38846754930785,3.246639356506217
