h1,h2,N1,N2,vocabulary,length,volume,difficulty,effort,time,bugs,MI,CC
5.6953125,50.546875,39.859375,72.2734375,56.2421875,112.1328125,825.1903583013298,4.001006406258763,8103.506422989899,450.1948012772165,0.27506345276710975,67.8110737019905,3.2892858060160455
