h1,h2,N1,N2,vocabulary,length,volume,difficulty,effort,time,bugs,MI,CC
5.007551919446192,45.15921963499056,33.583385777218375,61.6979232221523,50.16677155443675,95.28130899937068,683.2392407204193,3.419751097740376,6638.8437293030365,368.824651627945,0.22774641357347286,61.49117823521468,2.7166224454238317
