h1,h2,N1,N2,vocabulary,length,volume,difficulty,effort,time,bugs,MI,CC
5.374413931681179,48.30542531815137,35.90221031480241,65.97119892833221,53.679839249832554,101.87340924313463,730.079146664033,3.6675592250776985,7094.521220516223,394.1400678064554,0.2433597155546776,58.691091834050205,2.7358822260137656
