h1,h2,N1,N2,vocabulary,length,volume,difficulty,effort,time,bugs,MI,CC
3.7838541666666665,24.765625,18.59765625,34.247395833333336,28.549479166666668,52.845052083333336,335.6917712830299,2.5532469254901033,2768.7936253472885,153.82186807484965,0.11189725709434332,69.9615729235319,3.3343713826805406
