h1,h2,N1,N2,vocabulary,length,volume,difficulty,effort,time,bugs,MI,CC
3.306378132118451,21.662870159453302,16.28018223234624,29.968109339407746,24.969248291571756,46.24829157175399,294.10791985333293,2.2311510922333926,2431.174497179291,135.06524984329414,0.09803597328444436,73.76737474487534,3.3565997347707013
