h1,h2,N1,N2,vocabulary,length,volume,difficulty,effort,time,bugs,MI,CC
4.497004279600571,27.637945791726107,18.966619115549214,35.61426533523538,32.13495007132668,54.580884450784595,346.6172651229666,2.8399575021524983,2666.3790264202003,148.13216813445467,0.1155390883743218,68.02156611657712,3.1068668061800215
