h1,h2,N1,N2,vocabulary,length,volume,difficulty,effort,time,bugs,MI,CC
3.51358574610245,21.670824053452115,14.875055679287305,27.93118040089087,25.184409799554565,42.806236080178174,272.0876262649702,2.2195449324168948,2092.450160305054,116.24723112805792,0.09069587542165639,75.00088140516989,3.104391986434674
